venue,dataset_date_key,day,open_morning,close_lunchtime,open_lunchtime,close_evening,notes
Benwell Library,2004,Monday,09:30,12:30,13:30,20:00,
Benwell Library,2004,Tuesday,09:30,12:30,13:30,17:00,
Benwell Library,2004,Wednesday,,,,,
Benwell Library,2004,Thursday,09:30,12:30,13:30,20:00,
Benwell Library,2004,Friday,09:30,12:30,13:30,17:00,
Benwell Library,2004,Saturday,09:00,13:00,14:15,17:00,
Benwell Library,2004,Sunday,,,,,
Blakelaw Library,2004,Monday,,,14:00,19:00,
Blakelaw Library,2004,Tuesday,,,13:30,17:00,
Blakelaw Library,2004,Wednesday,,,,,
Blakelaw Library,2004,Thursday,,,14:00,19:00,
Blakelaw Library,2004,Friday,,,13:30,17:00,
Blakelaw Library,2004,Saturday,10:00,13:00,,,
Blakelaw Library,2004,Sunday,,,,,
City Library,2004,Monday,09:00,,,20:00,
City Library,2004,Tuesday,09:00,,,20:00,
City Library,2004,Wednesday,09:00,,,20:00,
City Library,2004,Thursday,09:00,,,20:00,
City Library,2004,Friday,09:00,,,17:00,
City Library,2004,Saturday,09:00,,,17:00,
City Library,2004,Sunday,,,12:00,16:00,
Cruddas Park Library,2004,Monday,09:30,12:00,,,
Cruddas Park Library,2004,Tuesday,09:30,12:00,13:00,16:30,
Cruddas Park Library,2004,Wednesday,,,,,
Cruddas Park Library,2004,Thursday,09:30,12:00,13:00,16:30,
Cruddas Park Library,2004,Friday,09:30,12:00,,,
Cruddas Park Library,2004,Saturday,09:30,12:30,,,
Cruddas Park Library,2004,Sunday,,,,,
Denton Burn Library,2004,Monday,09:00,,,20:00,
Denton Burn Library,2004,Tuesday,09:00,,,17:00,
Denton Burn Library,2004,Wednesday,,,,,
Denton Burn Library,2004,Thursday,09:00,,,20:00,
Denton Burn Library,2004,Friday,09:00,,,17:00,
Denton Burn Library,2004,Saturday,09:00,,,17:00,
Denton Burn Library,2004,Sunday,,,,,
Dinnington Library,2004,Monday,,,14:00,17:00,
Dinnington Library,2004,Tuesday,,,,,
Dinnington Library,2004,Wednesday,10:00,13:00,,,
Dinnington Library,2004,Thursday,,,,,
Dinnington Library,2004,Friday,,,14:00,17:00,
Dinnington Library,2004,Saturday,10:00,13:00,,,
Dinnington Library,2004,Sunday,,,,,
East End Library,2004,Monday,09:00,,,20:00,
East End Library,2004,Tuesday,09:00,,,17:00,
East End Library,2004,Wednesday,09:00,,,17:00,
East End Library,2004,Thursday,09:00,,,20:00,
East End Library,2004,Friday,09:00,,,17:00,
East End Library,2004,Saturday,09:00,,,17:00,
East End Library,2004,Sunday,10:00,14:00,,,
Fawdon Library,2004,Monday,,,14:00,19:00,
Fawdon Library,2004,Tuesday,10:00,13:00,,,
Fawdon Library,2004,Wednesday,,,,,
Fawdon Library,2004,Thursday,10:00,13:00,14:00,17:00,
Fawdon Library,2004,Friday,10:00,13:00,,,
Fawdon Library,2004,Saturday,10:00,13:00,,,
Fawdon Library,2004,Sunday,,,,,
Fenham Library,2004,Monday,09:00,,,20:00,
Fenham Library,2004,Tuesday,09:00,,,17:00,
Fenham Library,2004,Wednesday,,,,,
Fenham Library,2004,Thursday,09:00,,,20:00,
Fenham Library,2004,Friday,09:00,,,17:00,
Fenham Library,2004,Saturday,09:00,,,17:00,
Fenham Library,2004,Sunday,,,,,
Gosforth Library,2004,Monday,09:00,,,20:00,
Gosforth Library,2004,Tuesday,09:00,,,17:00,
Gosforth Library,2004,Wednesday,09:00,,,17:00,
Gosforth Library,2004,Thursday,09:00,,,20:00,
Gosforth Library,2004,Friday,09:00,,,17:00,
Gosforth Library,2004,Saturday,09:00,,,17:00,
Gosforth Library,2004,Sunday,10:00,14:00,,,
High Heaton Library,2004,Monday,09:30,12:30,13:30,20:00,
High Heaton Library,2004,Tuesday,09:30,12:30,13:30,17:00,
High Heaton Library,2004,Wednesday,,,,,
High Heaton Library,2004,Thursday,09:30,12:30,13:30,20:00,
High Heaton Library,2004,Friday,09:30,12:30,13:30,17:00,
High Heaton Library,2004,Saturday,09:00,13:00,14:15,17:00,
High Heaton Library,2004,Sunday,,,,,
Jesmond Library,2004,Monday,09:00,,,20:00,
Jesmond Library,2004,Tuesday,09:00,,,17:00,
Jesmond Library,2004,Wednesday,,,,,
Jesmond Library,2004,Thursday,09:00,,,20:00,
Jesmond Library,2004,Friday,09:00,,,17:00,
Jesmond Library,2004,Saturday,09:00,,,17:00,
Jesmond Library,2004,Sunday,,,,,
Kenton Library,2004,Monday,09:30,12:30,13:30,20:00,
Kenton Library,2004,Tuesday,09:30,12:30,13:30,17:00,
Kenton Library,2004,Wednesday,,,,,
Kenton Library,2004,Thursday,09:30,12:30,13:30,20:00,
Kenton Library,2004,Friday,09:30,12:30,13:30,17:00,
Kenton Library,2004,Saturday,09:00,13:00,14:15,17:00,
Kenton Library,2004,Sunday,,,,,
Moorside Library,2004,Monday,,,,,
Moorside Library,2004,Tuesday,09:30,12:30,14:00,17:00,
Moorside Library,2004,Wednesday,,,,,
Moorside Library,2004,Thursday,,,14:00,19:00,
Moorside Library,2004,Friday,09:30,12:30,14:00,17:00,
Moorside Library,2004,Saturday,09:30,12:30,,,
Moorside Library,2004,Sunday,,,,,
Newbiggin Hall Library,2004,Monday,09:30,12:30,13:30,20:00,
Newbiggin Hall Library,2004,Tuesday,09:30,12:30,13:30,17:00,
Newbiggin Hall Library,2004,Wednesday,,,,,
Newbiggin Hall Library,2004,Thursday,09:30,12:30,13:30,20:00,
Newbiggin Hall Library,2004,Friday,09:30,12:30,13:30,17:00,
Newbiggin Hall Library,2004,Saturday,09:00,13:00,14:15,17:00,
Newbiggin Hall Library,2004,Sunday,,,,,
Newburn Library,2004,Monday,09:30,12:30,13:30,20:00,
Newburn Library,2004,Tuesday,09:30,12:30,13:30,17:00,
Newburn Library,2004,Wednesday,,,,,
Newburn Library,2004,Thursday,09:30,12:30,13:30,20:00,
Newburn Library,2004,Friday,09:30,12:30,13:30,17:00,
Newburn Library,2004,Saturday,09:00,13:00,14:15,17:00,
Newburn Library,2004,Sunday,,,,,
Outer West Library,2004,Monday,09:00,,,20:00,
Outer West Library,2004,Tuesday,09:00,,,17:00,
Outer West Library,2004,Wednesday,09:00,,,17:00,
Outer West Library,2004,Thursday,09:00,,,20:00,
Outer West Library,2004,Friday,09:00,,,17:00,
Outer West Library,2004,Saturday,09:00,,,17:00,
Outer West Library,2004,Sunday,10:00,14:00,,,
Walker Library,2004,Monday,09:00,,,20:00,
Walker Library,2004,Tuesday,09:00,,,17:00,
Walker Library,2004,Wednesday,,,,,
Walker Library,2004,Thursday,09:00,,,20:00,
Walker Library,2004,Friday,09:00,,,17:00,
Walker Library,2004,Saturday,09:00,,,17:00,
Walker Library,2004,Sunday,,,,,
Benwell Library,2005-07,Monday,09:30,12:30,13:30,20:00,
Benwell Library,2005-07,Tuesday,09:30,12:30,13:30,17:00,
Benwell Library,2005-07,Wednesday,,,,,
Benwell Library,2005-07,Thursday,09:30,12:30,13:30,20:00,
Benwell Library,2005-07,Friday,09:30,12:30,13:30,17:00,
Benwell Library,2005-07,Saturday,09:00,13:00,14:15,17:00,
Benwell Library,2005-07,Sunday,,,,,
Blakelaw Library,2005-07,Monday,,,14:00,19:00,
Blakelaw Library,2005-07,Tuesday,09:30,13:00,,,
Blakelaw Library,2005-07,Wednesday,,,,,
Blakelaw Library,2005-07,Thursday,,,14:00,19:00,
Blakelaw Library,2005-07,Friday,,,13:30,17:00,
Blakelaw Library,2005-07,Saturday,10:00,13:00,,,
Blakelaw Library,2005-07,Sunday,,,,,
City Library,2005-07,Monday,09:00,,,20:00,
City Library,2005-07,Tuesday,09:00,,,20:00,
City Library,2005-07,Wednesday,09:00,,,20:00,
City Library,2005-07,Thursday,09:00,,,20:00,
City Library,2005-07,Friday,09:00,,,17:00,
City Library,2005-07,Saturday,09:00,,,17:00,
City Library,2005-07,Sunday,,,12:00,16:00,
Cruddas Park Library,2005-07,Monday,09:30,12:00,,,
Cruddas Park Library,2005-07,Tuesday,09:30,12:00,13:00,16:30,
Cruddas Park Library,2005-07,Wednesday,,,,,
Cruddas Park Library,2005-07,Thursday,09:30,12:00,13:00,16:30,
Cruddas Park Library,2005-07,Friday,09:30,12:00,,,
Cruddas Park Library,2005-07,Saturday,09:30,12:30,,,
Cruddas Park Library,2005-07,Sunday,,,,,
Denton Burn Library,2005-07,Monday,09:00,,,20:00,
Denton Burn Library,2005-07,Tuesday,09:00,,,17:00,
Denton Burn Library,2005-07,Wednesday,,,,,
Denton Burn Library,2005-07,Thursday,09:00,,,20:00,
Denton Burn Library,2005-07,Friday,09:00,,,17:00,
Denton Burn Library,2005-07,Saturday,09:00,,,17:00,
Denton Burn Library,2005-07,Sunday,,,,,
Dinnington Library,2005-07,Monday,,,14:00,17:00,
Dinnington Library,2005-07,Tuesday,,,,,
Dinnington Library,2005-07,Wednesday,10:00,13:00,,,
Dinnington Library,2005-07,Thursday,,,,,
Dinnington Library,2005-07,Friday,,,14:00,17:00,
Dinnington Library,2005-07,Saturday,10:00,13:00,,,
Dinnington Library,2005-07,Sunday,,,,,
East End Library,2005-07,Monday,09:00,,,20:00,
East End Library,2005-07,Tuesday,09:00,,,17:00,
East End Library,2005-07,Wednesday,09:00,,,17:00,
East End Library,2005-07,Thursday,09:00,,,20:00,
East End Library,2005-07,Friday,09:00,,,17:00,
East End Library,2005-07,Saturday,09:00,,,17:00,
East End Library,2005-07,Sunday,10:00,14:00,,,
Fawdon Library,2005-07,Monday,,,14:00,19:00,
Fawdon Library,2005-07,Tuesday,10:00,13:00,,,
Fawdon Library,2005-07,Wednesday,,,,,
Fawdon Library,2005-07,Thursday,10:00,13:00,14:00,17:00,
Fawdon Library,2005-07,Friday,10:00,13:00,,,
Fawdon Library,2005-07,Saturday,10:00,13:00,,,
Fawdon Library,2005-07,Sunday,,,,,
Fenham Library,2005-07,Monday,09:00,,,20:00,
Fenham Library,2005-07,Tuesday,09:00,,,17:00,
Fenham Library,2005-07,Wednesday,,,,,
Fenham Library,2005-07,Thursday,09:00,,,20:00,
Fenham Library,2005-07,Friday,09:00,,,17:00,
Fenham Library,2005-07,Saturday,09:00,,,17:00,
Fenham Library,2005-07,Sunday,,,,,
Gosforth Library,2005-07,Monday,09:00,,,20:00,
Gosforth Library,2005-07,Tuesday,09:00,,,17:00,
Gosforth Library,2005-07,Wednesday,09:00,,,17:00,
Gosforth Library,2005-07,Thursday,09:00,,,20:00,
Gosforth Library,2005-07,Friday,09:00,,,17:00,
Gosforth Library,2005-07,Saturday,09:00,,,17:00,
Gosforth Library,2005-07,Sunday,10:00,14:00,,,
High Heaton Library,2005-07,Monday,09:30,12:30,13:30,20:00,
High Heaton Library,2005-07,Tuesday,09:30,12:30,13:30,17:00,
High Heaton Library,2005-07,Wednesday,,,,,
High Heaton Library,2005-07,Thursday,09:30,12:30,13:30,20:00,
High Heaton Library,2005-07,Friday,09:30,12:30,13:30,17:00,
High Heaton Library,2005-07,Saturday,09:00,13:00,14:15,17:00,
High Heaton Library,2005-07,Sunday,,,,,
Jesmond Library,2005-07,Monday,09:00,,,20:00,
Jesmond Library,2005-07,Tuesday,09:00,,,17:00,
Jesmond Library,2005-07,Wednesday,,,,,
Jesmond Library,2005-07,Thursday,09:00,,,20:00,
Jesmond Library,2005-07,Friday,09:00,,,17:00,
Jesmond Library,2005-07,Saturday,09:00,,,17:00,
Jesmond Library,2005-07,Sunday,,,,,
Kenton Library,2005-07,Monday,09:30,12:30,13:30,20:00,
Kenton Library,2005-07,Tuesday,09:30,12:30,13:30,17:00,
Kenton Library,2005-07,Wednesday,,,,,
Kenton Library,2005-07,Thursday,09:30,12:30,13:30,20:00,
Kenton Library,2005-07,Friday,09:30,12:30,13:30,17:00,
Kenton Library,2005-07,Saturday,09:00,13:00,14:15,17:00,
Kenton Library,2005-07,Sunday,,,,,
Moorside Library,2005-07,Monday,,,,,
Moorside Library,2005-07,Tuesday,09:30,12:30,14:00,17:00,
Moorside Library,2005-07,Wednesday,,,,,
Moorside Library,2005-07,Thursday,,,14:00,19:00,
Moorside Library,2005-07,Friday,09:30,12:30,14:00,17:00,
Moorside Library,2005-07,Saturday,09:30,12:30,,,
Moorside Library,2005-07,Sunday,,,,,
Newbiggin Hall Library,2005-07,Monday,09:30,12:30,13:30,20:00,
Newbiggin Hall Library,2005-07,Tuesday,09:30,12:30,13:30,17:00,
Newbiggin Hall Library,2005-07,Wednesday,,,,,
Newbiggin Hall Library,2005-07,Thursday,09:30,12:30,13:30,20:00,
Newbiggin Hall Library,2005-07,Friday,09:30,12:30,13:30,17:00,
Newbiggin Hall Library,2005-07,Saturday,09:00,13:00,14:15,17:00,
Newbiggin Hall Library,2005-07,Sunday,,,,,
Newburn Library,2005-07,Monday,09:30,12:30,13:30,20:00,
Newburn Library,2005-07,Tuesday,09:30,12:30,13:30,17:00,
Newburn Library,2005-07,Wednesday,,,,,
Newburn Library,2005-07,Thursday,09:30,12:30,13:30,20:00,
Newburn Library,2005-07,Friday,09:30,12:30,13:30,17:00,
Newburn Library,2005-07,Saturday,09:00,13:00,14:15,17:00,
Newburn Library,2005-07,Sunday,,,,,
Outer West Library,2005-07,Monday,09:00,,,20:00,
Outer West Library,2005-07,Tuesday,09:00,,,17:00,
Outer West Library,2005-07,Wednesday,09:00,,,17:00,
Outer West Library,2005-07,Thursday,09:00,,,20:00,
Outer West Library,2005-07,Friday,09:00,,,17:00,
Outer West Library,2005-07,Saturday,09:00,,,17:00,
Outer West Library,2005-07,Sunday,10:00,14:00,,,
Walker Library,2005-07,Monday,09:00,,,20:00,
Walker Library,2005-07,Tuesday,09:00,,,17:00,
Walker Library,2005-07,Wednesday,,,,,
Walker Library,2005-07,Thursday,09:00,,,20:00,
Walker Library,2005-07,Friday,09:00,,,17:00,
Walker Library,2005-07,Saturday,09:00,,,17:00,
Walker Library,2005-07,Sunday,,,,,
Benwell Library,2005-11,Monday,09:30,12:30,13:30,20:00,
Benwell Library,2005-11,Tuesday,09:30,12:30,13:30,17:00,
Benwell Library,2005-11,Wednesday,,,,,
Benwell Library,2005-11,Thursday,09:30,12:30,13:30,20:00,
Benwell Library,2005-11,Friday,09:30,12:30,13:30,17:00,
Benwell Library,2005-11,Saturday,09:00,13:00,14:15,17:00,
Benwell Library,2005-11,Sunday,,,,,
Blakelaw Library,2005-11,Monday,,,14:00,19:00,
Blakelaw Library,2005-11,Tuesday,09:30,13:00,,,
Blakelaw Library,2005-11,Wednesday,,,,,
Blakelaw Library,2005-11,Thursday,,,14:00,19:00,
Blakelaw Library,2005-11,Friday,,,13:30,17:00,
Blakelaw Library,2005-11,Saturday,10:00,13:00,,,
Blakelaw Library,2005-11,Sunday,,,,,
City Library,2005-11,Monday,09:00,,,20:00,
City Library,2005-11,Tuesday,09:00,,,20:00,
City Library,2005-11,Wednesday,09:00,,,20:00,
City Library,2005-11,Thursday,09:00,,,20:00,
City Library,2005-11,Friday,09:00,,,17:00,
City Library,2005-11,Saturday,09:00,,,17:00,
City Library,2005-11,Sunday,,,12:00,16:00,
Cruddas Park Library,2005-11,Monday,09:30,12:00,,,
Cruddas Park Library,2005-11,Tuesday,09:30,12:00,13:00,16:30,
Cruddas Park Library,2005-11,Wednesday,,,,,
Cruddas Park Library,2005-11,Thursday,09:30,12:00,13:00,16:30,
Cruddas Park Library,2005-11,Friday,09:30,12:00,,,
Cruddas Park Library,2005-11,Saturday,09:30,12:30,,,
Cruddas Park Library,2005-11,Sunday,,,,,
Denton Burn Library,2005-11,Monday,09:00,,,20:00,
Denton Burn Library,2005-11,Tuesday,09:00,,,17:00,
Denton Burn Library,2005-11,Wednesday,,,,,
Denton Burn Library,2005-11,Thursday,09:00,,,20:00,
Denton Burn Library,2005-11,Friday,09:00,,,17:00,
Denton Burn Library,2005-11,Saturday,09:00,,,17:00,
Denton Burn Library,2005-11,Sunday,,,,,
Dinnington Library,2005-11,Monday,,,14:00,17:00,
Dinnington Library,2005-11,Tuesday,,,,,
Dinnington Library,2005-11,Wednesday,10:00,13:00,,,
Dinnington Library,2005-11,Thursday,,,,,
Dinnington Library,2005-11,Friday,,,14:00,17:00,
Dinnington Library,2005-11,Saturday,10:00,13:00,,,
Dinnington Library,2005-11,Sunday,,,,,
East End Library,2005-11,Monday,09:00,,,20:00,
East End Library,2005-11,Tuesday,09:00,,,17:00,
East End Library,2005-11,Wednesday,09:00,,,17:00,
East End Library,2005-11,Thursday,09:00,,,20:00,
East End Library,2005-11,Friday,09:00,,,17:00,
East End Library,2005-11,Saturday,09:00,,,17:00,
East End Library,2005-11,Sunday,10:00,14:00,,,
Fawdon Library,2005-11,Monday,,,14:00,19:00,
Fawdon Library,2005-11,Tuesday,10:00,13:00,,,
Fawdon Library,2005-11,Wednesday,,,,,
Fawdon Library,2005-11,Thursday,10:00,13:00,14:00,17:00,
Fawdon Library,2005-11,Friday,10:00,13:00,,,
Fawdon Library,2005-11,Saturday,10:00,13:00,,,
Fawdon Library,2005-11,Sunday,,,,,
Fenham Library,2005-11,Monday,09:00,,,20:00,
Fenham Library,2005-11,Tuesday,09:00,,,17:00,
Fenham Library,2005-11,Wednesday,,,,,
Fenham Library,2005-11,Thursday,09:00,,,20:00,
Fenham Library,2005-11,Friday,09:00,,,17:00,
Fenham Library,2005-11,Saturday,09:00,,,17:00,
Fenham Library,2005-11,Sunday,,,,,
Gosforth Library,2005-11,Monday,09:00,,,20:00,
Gosforth Library,2005-11,Tuesday,09:00,,,17:00,
Gosforth Library,2005-11,Wednesday,09:00,,,17:00,
Gosforth Library,2005-11,Thursday,09:00,,,20:00,
Gosforth Library,2005-11,Friday,09:00,,,17:00,
Gosforth Library,2005-11,Saturday,09:00,,,17:00,
Gosforth Library,2005-11,Sunday,10:00,14:00,,,
High Heaton Library,2005-11,Monday,09:30,12:30,13:30,20:00,
High Heaton Library,2005-11,Tuesday,09:30,12:30,13:30,17:00,
High Heaton Library,2005-11,Wednesday,,,,,
High Heaton Library,2005-11,Thursday,09:30,12:30,13:30,20:00,
High Heaton Library,2005-11,Friday,09:30,12:30,13:30,17:00,
High Heaton Library,2005-11,Saturday,09:00,13:00,14:15,17:00,
High Heaton Library,2005-11,Sunday,,,,,
Jesmond Library,2005-11,Monday,09:00,,,20:00,
Jesmond Library,2005-11,Tuesday,09:00,,,17:00,
Jesmond Library,2005-11,Wednesday,,,,,
Jesmond Library,2005-11,Thursday,09:00,,,20:00,
Jesmond Library,2005-11,Friday,09:00,,,17:00,
Jesmond Library,2005-11,Saturday,09:00,,,17:00,
Jesmond Library,2005-11,Sunday,,,,,
Kenton Library,2005-11,Monday,09:00,,,20:00,
Kenton Library,2005-11,Tuesday,09:00,,,17:00,
Kenton Library,2005-11,Wednesday,09:00,,,17:00,
Kenton Library,2005-11,Thursday,09:00,,,20:00,
Kenton Library,2005-11,Friday,09:00,,,17:00,
Kenton Library,2005-11,Saturday,09:00,,,17:00,
Kenton Library,2005-11,Sunday,,,,,
Moorside Library,2005-11,Monday,,,,,
Moorside Library,2005-11,Tuesday,09:30,12:30,14:00,17:00,
Moorside Library,2005-11,Wednesday,,,,,
Moorside Library,2005-11,Thursday,,,14:00,19:00,
Moorside Library,2005-11,Friday,09:30,12:30,14:00,17:00,
Moorside Library,2005-11,Saturday,09:30,12:30,,,
Moorside Library,2005-11,Sunday,,,,,
Newbiggin Hall Library,2005-11,Monday,09:30,12:30,13:30,20:00,
Newbiggin Hall Library,2005-11,Tuesday,09:30,12:30,13:30,17:00,
Newbiggin Hall Library,2005-11,Wednesday,,,,,
Newbiggin Hall Library,2005-11,Thursday,09:30,12:30,13:30,20:00,
Newbiggin Hall Library,2005-11,Friday,09:30,12:30,13:30,17:00,
Newbiggin Hall Library,2005-11,Saturday,09:00,13:00,14:15,17:00,
Newbiggin Hall Library,2005-11,Sunday,,,,,
Newburn Library,2005-11,Monday,09:30,12:30,13:30,20:00,
Newburn Library,2005-11,Tuesday,09:30,12:30,13:30,17:00,
Newburn Library,2005-11,Wednesday,,,,,
Newburn Library,2005-11,Thursday,09:30,12:30,13:30,20:00,
Newburn Library,2005-11,Friday,09:30,12:30,13:30,17:00,
Newburn Library,2005-11,Saturday,09:00,13:00,14:15,17:00,
Newburn Library,2005-11,Sunday,,,,,
Outer West Library,2005-11,Monday,09:00,,,20:00,
Outer West Library,2005-11,Tuesday,09:00,,,17:00,
Outer West Library,2005-11,Wednesday,09:00,,,17:00,
Outer West Library,2005-11,Thursday,09:00,,,20:00,
Outer West Library,2005-11,Friday,09:00,,,17:00,
Outer West Library,2005-11,Saturday,09:00,,,17:00,
Outer West Library,2005-11,Sunday,10:00,14:00,,,
Walker Library,2005-11,Monday,09:00,,,20:00,
Walker Library,2005-11,Tuesday,09:00,,,17:00,
Walker Library,2005-11,Wednesday,,,,,
Walker Library,2005-11,Thursday,09:00,,,20:00,
Walker Library,2005-11,Friday,09:00,,,17:00,
Walker Library,2005-11,Saturday,09:00,,,17:00,
Walker Library,2005-11,Sunday,,,,,
Local Studies,2006-10,Monday,09:00,,,20:00,
Local Studies,2006-10,Tuesday,09:00,,,20:00,
Local Studies,2006-10,Wednesday,09:00,,,20:00,
Local Studies,2006-10,Thursday,09:00,,,20:00,
Local Studies,2006-10,Friday,09:00,,,17:00,
Local Studies,2006-10,Saturday,09:00,,,17:00,
Local Studies,2006-10,Sunday,,,12:00,16:00,
Tourist Information Centre,2006-10,Monday,09:30,,,17:30,
Tourist Information Centre,2006-10,Tuesday,09:30,,,17:30,
Tourist Information Centre,2006-10,Wednesday,09:30,,,17:30,
Tourist Information Centre,2006-10,Thursday,09:30,,,17:30,
Tourist Information Centre,2006-10,Friday,09:30,,,17:30,
Tourist Information Centre,2006-10,Saturday,09:00,,,17:00,
Tourist Information Centre,2006-10,Sunday,,,,,
City Mobile,2006-10,Monday,,,,,
City Mobile,2006-10,Tuesday,,,,,
City Mobile,2006-10,Wednesday,09:30,,,18:00,
City Mobile,2006-10,Thursday,09:30,,,18:00,
City Mobile,2006-10,Friday,,,,,
City Mobile,2006-10,Saturday,,,,,
City Mobile,2006-10,Sunday,,,,,
Mobile,2006-10,Monday,09:45,,,19:30,See full 2 week timetable for all stops and travel time
Mobile,2006-10,Tuesday,10:00,,,16:30,See full 2 week timetable for all stops and travel time
Mobile,2006-10,Wednesday,,,,,See full 2 week timetable for all stops and travel time
Mobile,2006-10,Thursday,09:45,,,19:30,See full 2 week timetable for all stops and travel time
Mobile,2006-10,Friday,09:45,,,16:30,See full 2 week timetable for all stops and travel time
Mobile,2006-10,Saturday,09:30,,,16:30,See full 2 week timetable for all stops and travel time
Mobile,2006-10,Sunday,,,,,See full 2 week timetable for all stops and travel time
City Library,2006-10,Monday,,,,,
City Library,2006-10,Tuesday,,,,,
City Library,2006-10,Wednesday,,,,,
City Library,2006-10,Thursday,,,,,
City Library,2006-10,Friday,,,,,
City Library,2006-10,Saturday,,,,,
City Library,2006-10,Sunday,,,,,
Benwell Library,2006-10,Monday,09:30,12:30,13:30,20:00,
Benwell Library,2006-10,Tuesday,09:30,12:30,13:30,17:00,
Benwell Library,2006-10,Wednesday,17:00,17:00,17:00,17:00,
Benwell Library,2006-10,Thursday,09:30,12:30,13:30,20:00,
Benwell Library,2006-10,Friday,09:30,12:30,13:30,17:00,
Benwell Library,2006-10,Saturday,09:00,13:00,14:15,17:00,
Benwell Library,2006-10,Sunday,17:00,17:00,17:00,17:00,
Blakelaw Library,2006-10,Monday,,,14:00,19:00,
Blakelaw Library,2006-10,Tuesday,09:30,13:00,,,
Blakelaw Library,2006-10,Wednesday,17:00,17:00,17:00,17:00,
Blakelaw Library,2006-10,Thursday,,,14:00,19:00,
Blakelaw Library,2006-10,Friday,,,13:30,17:00,
Blakelaw Library,2006-10,Saturday,10:00,13:00,17:00,17:00,
Blakelaw Library,2006-10,Sunday,17:00,17:00,17:00,17:00,
Cruddas Park Library,2006-10,Monday,09:30,12:00,17:00,17:00,
Cruddas Park Library,2006-10,Tuesday,09:30,12:00,13:00,16:30,
Cruddas Park Library,2006-10,Wednesday,17:00,17:00,17:00,17:00,
Cruddas Park Library,2006-10,Thursday,09:30,12:00,13:00,16:30,
Cruddas Park Library,2006-10,Friday,09:30,12:00,17:00,17:00,
Cruddas Park Library,2006-10,Saturday,09:30,12:30,17:00,17:00,
Cruddas Park Library,2006-10,Sunday,17:00,17:00,17:00,17:00,
Denton Burn Library,2006-10,Monday,09:00,,,20:00,
Denton Burn Library,2006-10,Tuesday,09:00,,,17:00,
Denton Burn Library,2006-10,Wednesday,17:00,17:00,17:00,17:00,
Denton Burn Library,2006-10,Thursday,09:00,,,20:00,
Denton Burn Library,2006-10,Friday,09:00,,,17:00,
Denton Burn Library,2006-10,Saturday,09:00,,,17:00,
Denton Burn Library,2006-10,Sunday,17:00,17:00,17:00,17:00,
Dinnington Library,2006-10,Monday,,,14:00,17:00,
Dinnington Library,2006-10,Tuesday,17:00,17:00,17:00,17:00,
Dinnington Library,2006-10,Wednesday,10:00,13:00,17:00,17:00,
Dinnington Library,2006-10,Thursday,17:00,17:00,17:00,17:00,
Dinnington Library,2006-10,Friday,,,14:00,17:00,
Dinnington Library,2006-10,Saturday,10:00,13:00,17:00,17:00,
Dinnington Library,2006-10,Sunday,17:00,17:00,17:00,17:00,
East End Library,2006-10,Monday,09:00,,,20:00,
East End Library,2006-10,Tuesday,09:00,,,17:00,
East End Library,2006-10,Wednesday,09:00,,,17:00,
East End Library,2006-10,Thursday,09:00,,,20:00,
East End Library,2006-10,Friday,09:00,,,17:00,
East End Library,2006-10,Saturday,09:00,,,17:00,
East End Library,2006-10,Sunday,10:00,14:00,17:00,17:00,
Fawdon Library,2006-10,Monday,,,14:00,19:00,
Fawdon Library,2006-10,Tuesday,10:00,13:00,17:00,17:00,
Fawdon Library,2006-10,Wednesday,17:00,17:00,17:00,17:00,
Fawdon Library,2006-10,Thursday,10:00,13:00,14:00,17:00,
Fawdon Library,2006-10,Friday,10:00,13:00,17:00,17:00,
Fawdon Library,2006-10,Saturday,10:00,13:00,17:00,17:00,
Fawdon Library,2006-10,Sunday,17:00,17:00,17:00,17:00,
Fenham Library,2006-10,Monday,09:00,,,20:00,
Fenham Library,2006-10,Tuesday,09:00,,,17:00,
Fenham Library,2006-10,Wednesday,17:00,17:00,17:00,17:00,
Fenham Library,2006-10,Thursday,09:00,,,20:00,
Fenham Library,2006-10,Friday,09:00,,,17:00,
Fenham Library,2006-10,Saturday,09:00,,,17:00,
Fenham Library,2006-10,Sunday,17:00,17:00,17:00,17:00,
Gosforth Library,2006-10,Monday,09:00,,,20:00,
Gosforth Library,2006-10,Tuesday,09:00,,,17:00,
Gosforth Library,2006-10,Wednesday,09:00,,,17:00,
Gosforth Library,2006-10,Thursday,09:00,,,20:00,
Gosforth Library,2006-10,Friday,09:00,,,17:00,
Gosforth Library,2006-10,Saturday,09:00,,,17:00,
Gosforth Library,2006-10,Sunday,10:00,14:00,17:00,17:00,
High Heaton Library,2006-10,Monday,09:30,12:30,13:30,20:00,
High Heaton Library,2006-10,Tuesday,09:30,12:30,13:30,17:00,
High Heaton Library,2006-10,Wednesday,17:00,17:00,17:00,17:00,
High Heaton Library,2006-10,Thursday,09:30,12:30,13:30,20:00,
High Heaton Library,2006-10,Friday,09:30,12:30,13:30,17:00,
High Heaton Library,2006-10,Saturday,09:00,13:00,14:15,17:00,
High Heaton Library,2006-10,Sunday,17:00,17:00,17:00,17:00,
Jesmond Library,2006-10,Monday,09:00,,,20:00,
Jesmond Library,2006-10,Tuesday,09:00,,,17:00,
Jesmond Library,2006-10,Wednesday,17:00,17:00,17:00,17:00,
Jesmond Library,2006-10,Thursday,09:00,,,20:00,
Jesmond Library,2006-10,Friday,09:00,,,17:00,
Jesmond Library,2006-10,Saturday,09:00,,,17:00,
Jesmond Library,2006-10,Sunday,17:00,17:00,17:00,17:00,
Kenton Library,2006-10,Monday,09:00,,,20:00,
Kenton Library,2006-10,Tuesday,09:00,,,17:00,
Kenton Library,2006-10,Wednesday,09:00,,,17:00,
Kenton Library,2006-10,Thursday,09:00,,,20:00,
Kenton Library,2006-10,Friday,09:00,,,17:00,
Kenton Library,2006-10,Saturday,09:00,,,17:00,
Kenton Library,2006-10,Sunday,17:00,17:00,17:00,17:00,
Moorside Library,2006-10,Monday,17:00,17:00,17:00,17:00,
Moorside Library,2006-10,Tuesday,09:30,12:30,14:00,17:00,
Moorside Library,2006-10,Wednesday,17:00,17:00,17:00,17:00,
Moorside Library,2006-10,Thursday,,,14:00,19:00,
Moorside Library,2006-10,Friday,09:30,12:30,14:00,17:00,
Moorside Library,2006-10,Saturday,09:30,12:30,17:00,17:00,
Moorside Library,2006-10,Sunday,17:00,17:00,17:00,17:00,
Newbiggin Hall Library,2006-10,Monday,09:30,12:30,13:30,20:00,
Newbiggin Hall Library,2006-10,Tuesday,09:30,12:30,13:30,17:00,
Newbiggin Hall Library,2006-10,Wednesday,17:00,17:00,17:00,17:00,
Newbiggin Hall Library,2006-10,Thursday,09:30,12:30,13:30,20:00,
Newbiggin Hall Library,2006-10,Friday,09:30,12:30,13:30,17:00,
Newbiggin Hall Library,2006-10,Saturday,09:00,13:00,14:15,17:00,
Newbiggin Hall Library,2006-10,Sunday,,,,,
Newburn Library,2006-10,Monday,09:30,12:30,13:30,20:00,
Newburn Library,2006-10,Tuesday,09:30,12:30,13:30,17:00,
Newburn Library,2006-10,Wednesday,17:00,17:00,17:00,17:00,
Newburn Library,2006-10,Thursday,09:30,12:30,13:30,20:00,
Newburn Library,2006-10,Friday,09:30,12:30,13:30,17:00,
Newburn Library,2006-10,Saturday,09:00,13:00,14:15,17:00,
Newburn Library,2006-10,Sunday,17:00,17:00,17:00,17:00,
Outer West Library,2006-10,Monday,09:00,,,20:00,
Outer West Library,2006-10,Tuesday,09:00,,,17:00,
Outer West Library,2006-10,Wednesday,09:00,,,17:00,
Outer West Library,2006-10,Thursday,09:00,,,20:00,
Outer West Library,2006-10,Friday,09:00,,,17:00,
Outer West Library,2006-10,Saturday,09:00,,,17:00,
Outer West Library,2006-10,Sunday,10:00,14:00,17:00,17:00,
Walker Library,2006-10,Monday,09:00,,,20:00,
Walker Library,2006-10,Tuesday,09:00,,,17:00,
Walker Library,2006-10,Wednesday,17:00,17:00,17:00,17:00,
Walker Library,2006-10,Thursday,09:00,,,20:00,
Walker Library,2006-10,Friday,09:00,,,17:00,
Walker Library,2006-10,Saturday,09:00,,,17:00,
Walker Library,2006-10,Sunday,17:00,17:00,17:00,17:00,
Local Studies,2007-04,Monday,09:00,,,20:00,
Local Studies,2007-04,Tuesday,09:00,,,20:00,
Local Studies,2007-04,Wednesday,09:00,,,20:00,
Local Studies,2007-04,Thursday,09:00,,,20:00,
Local Studies,2007-04,Friday,09:00,,,17:00,
Local Studies,2007-04,Saturday,09:00,,,17:00,
Local Studies,2007-04,Sunday,,,12:00,16:00,
Tourist Information Centre,2007-04,Monday,09:30,,,17:30,
Tourist Information Centre,2007-04,Tuesday,09:30,,,17:30,
Tourist Information Centre,2007-04,Wednesday,09:30,,,17:30,
Tourist Information Centre,2007-04,Thursday,09:30,,,17:30,
Tourist Information Centre,2007-04,Friday,09:30,,,17:30,
Tourist Information Centre,2007-04,Saturday,09:00,,,17:00,
Tourist Information Centre,2007-04,Sunday,,,,,
City Mobile,2007-04,Monday,,,,,
City Mobile,2007-04,Tuesday,,,,,
City Mobile,2007-04,Wednesday,09:30,,,18:00,
City Mobile,2007-04,Thursday,09:30,,,18:00,
City Mobile,2007-04,Friday,,,,,
City Mobile,2007-04,Saturday,,,,,
City Mobile,2007-04,Sunday,,,,,
Mobile,2007-04,Monday,09:45,,,19:30,See full 2 week timetable for all stops and travel time
Mobile,2007-04,Tuesday,10:00,,,16:30,See full 2 week timetable for all stops and travel time
Mobile,2007-04,Wednesday,,,,,See full 2 week timetable for all stops and travel time
Mobile,2007-04,Thursday,09:45,,,19:30,See full 2 week timetable for all stops and travel time
Mobile,2007-04,Friday,09:45,,,16:30,See full 2 week timetable for all stops and travel time
Mobile,2007-04,Saturday,09:30,,,16:30,See full 2 week timetable for all stops and travel time
Mobile,2007-04,Sunday,,,,,See full 2 week timetable for all stops and travel time
Benwell Library,2007-04,Monday,09:30,12:30,13:30,20:00,
Benwell Library,2007-04,Tuesday,09:30,12:30,13:30,17:00,
Benwell Library,2007-04,Wednesday,,,,,
Benwell Library,2007-04,Thursday,09:30,12:30,13:30,20:00,
Benwell Library,2007-04,Friday,09:30,12:30,13:30,17:00,
Benwell Library,2007-04,Saturday,09:00,13:00,14:15,17:00,
Benwell Library,2007-04,Sunday,,,,,
Blakelaw Library,2007-04,Monday,,,14:00,19:00,
Blakelaw Library,2007-04,Tuesday,09:30,13:00,,,
Blakelaw Library,2007-04,Wednesday,,,,,
Blakelaw Library,2007-04,Thursday,,,14:00,19:00,
Blakelaw Library,2007-04,Friday,,,13:30,17:00,
Blakelaw Library,2007-04,Saturday,10:00,13:00,,,
Blakelaw Library,2007-04,Sunday,,,,,
Cruddas Park Library,2007-04,Monday,09:30,12:00,,,
Cruddas Park Library,2007-04,Tuesday,09:30,12:00,13:00,16:30,
Cruddas Park Library,2007-04,Wednesday,,,,,
Cruddas Park Library,2007-04,Thursday,09:30,12:00,13:00,16:30,
Cruddas Park Library,2007-04,Friday,09:30,12:00,,,
Cruddas Park Library,2007-04,Saturday,09:30,12:30,,,
Cruddas Park Library,2007-04,Sunday,,,,,
Denton Burn Library,2007-04,Monday,09:00,,,20:00,
Denton Burn Library,2007-04,Tuesday,09:00,,,17:00,
Denton Burn Library,2007-04,Wednesday,,,,,
Denton Burn Library,2007-04,Thursday,09:00,,,20:00,
Denton Burn Library,2007-04,Friday,09:00,,,17:00,
Denton Burn Library,2007-04,Saturday,09:00,,,17:00,
Denton Burn Library,2007-04,Sunday,,,,,
Dinnington Library,2007-04,Monday,,,14:00,17:00,
Dinnington Library,2007-04,Tuesday,,,,,
Dinnington Library,2007-04,Wednesday,10:00,13:00,17:00,17:00,
Dinnington Library,2007-04,Thursday,,,,,
Dinnington Library,2007-04,Friday,,,14:00,17:00,
Dinnington Library,2007-04,Saturday,10:00,13:00,,,
Dinnington Library,2007-04,Sunday,,,,,
East End Library,2007-04,Monday,09:00,,,20:00,
East End Library,2007-04,Tuesday,09:00,,,20:00,
East End Library,2007-04,Wednesday,09:00,,,20:00,
East End Library,2007-04,Thursday,09:00,,,20:00,
East End Library,2007-04,Friday,09:00,,,17:00,
East End Library,2007-04,Saturday,09:00,,,17:00,
East End Library,2007-04,Sunday,10:00,14:00,,,
Fawdon Library,2007-04,Monday,,,14:00,19:00,
Fawdon Library,2007-04,Tuesday,10:00,13:00,,,
Fawdon Library,2007-04,Wednesday,,,,,
Fawdon Library,2007-04,Thursday,10:00,13:00,14:00,17:00,
Fawdon Library,2007-04,Friday,10:00,13:00,,,
Fawdon Library,2007-04,Saturday,10:00,13:00,,,
Fawdon Library,2007-04,Sunday,,,,,
Fenham Library,2007-04,Monday,09:00,,,20:00,
Fenham Library,2007-04,Tuesday,09:00,,,20:00,
Fenham Library,2007-04,Wednesday,09:00,,,20:00,
Fenham Library,2007-04,Thursday,09:00,,,20:00,
Fenham Library,2007-04,Friday,09:00,,,17:00,
Fenham Library,2007-04,Saturday,09:00,,,17:00,
Fenham Library,2007-04,Sunday,10:00,14:00,,,
Gosforth Library,2007-04,Monday,09:00,,,20:00,
Gosforth Library,2007-04,Tuesday,09:00,,,20:00,
Gosforth Library,2007-04,Wednesday,09:00,,,20:00,
Gosforth Library,2007-04,Thursday,09:00,,,20:00,
Gosforth Library,2007-04,Friday,09:00,,,17:00,
Gosforth Library,2007-04,Saturday,09:00,,,17:00,
Gosforth Library,2007-04,Sunday,10:00,14:00,,,
High Heaton Library,2007-04,Monday,09:30,12:30,13:30,20:00,
High Heaton Library,2007-04,Tuesday,09:30,12:30,13:30,17:00,
High Heaton Library,2007-04,Wednesday,,,,,
High Heaton Library,2007-04,Thursday,09:30,12:30,13:30,20:00,
High Heaton Library,2007-04,Friday,09:30,12:30,13:30,17:00,
High Heaton Library,2007-04,Saturday,09:00,13:00,14:15,17:00,
High Heaton Library,2007-04,Sunday,,,,,
Jesmond Library,2007-04,Monday,09:00,,,20:00,
Jesmond Library,2007-04,Tuesday,09:00,,,20:00,
Jesmond Library,2007-04,Wednesday,09:00,,,20:00,
Jesmond Library,2007-04,Thursday,09:00,,,20:00,
Jesmond Library,2007-04,Friday,09:00,,,17:00,
Jesmond Library,2007-04,Saturday,09:00,,,17:00,
Jesmond Library,2007-04,Sunday,10:00,14:00,,,
Kenton Library,2007-04,Monday,09:00,,,20:00,
Kenton Library,2007-04,Tuesday,09:00,,,17:00,
Kenton Library,2007-04,Wednesday,09:00,,,17:00,
Kenton Library,2007-04,Thursday,09:00,,,20:00,
Kenton Library,2007-04,Friday,09:00,,,17:00,
Kenton Library,2007-04,Saturday,09:00,,,17:00,
Kenton Library,2007-04,Sunday,,,,,
Moorside Library,2007-04,Monday,,,,,
Moorside Library,2007-04,Tuesday,09:30,12:30,14:00,17:00,
Moorside Library,2007-04,Wednesday,,,,,
Moorside Library,2007-04,Thursday,,,14:00,19:00,
Moorside Library,2007-04,Friday,09:30,12:30,14:00,17:00,
Moorside Library,2007-04,Saturday,09:30,12:30,,,
Moorside Library,2007-04,Sunday,,,,,
Newbiggin Hall Library,2007-04,Monday,09:30,12:30,13:30,20:00,
Newbiggin Hall Library,2007-04,Tuesday,09:30,12:30,13:30,17:00,
Newbiggin Hall Library,2007-04,Wednesday,,,,,
Newbiggin Hall Library,2007-04,Thursday,09:30,12:30,13:30,20:00,
Newbiggin Hall Library,2007-04,Friday,09:30,12:30,13:30,17:00,
Newbiggin Hall Library,2007-04,Saturday,09:00,13:00,14:15,17:00,
Newbiggin Hall Library,2007-04,Sunday,,,,,
Newburn Library,2007-04,Monday,09:30,12:30,13:30,20:00,
Newburn Library,2007-04,Tuesday,09:30,12:30,13:30,17:00,
Newburn Library,2007-04,Wednesday,,,,,
Newburn Library,2007-04,Thursday,09:30,12:30,13:30,20:00,
Newburn Library,2007-04,Friday,09:30,12:30,13:30,17:00,
Newburn Library,2007-04,Saturday,09:00,13:00,14:15,17:00,
Newburn Library,2007-04,Sunday,,,,,
Outer West Library,2007-04,Monday,09:00,,,20:00,
Outer West Library,2007-04,Tuesday,09:00,,,17:00,
Outer West Library,2007-04,Wednesday,09:00,,,17:00,
Outer West Library,2007-04,Thursday,09:00,,,20:00,
Outer West Library,2007-04,Friday,09:00,,,17:00,
Outer West Library,2007-04,Saturday,09:00,,,17:00,
Outer West Library,2007-04,Sunday,10:00,14:00,,,
Walker Library,2007-04,Monday,09:00,,,20:00,
Walker Library,2007-04,Tuesday,09:00,,,17:00,
Walker Library,2007-04,Wednesday,,,,,
Walker Library,2007-04,Thursday,09:00,,,20:00,
Walker Library,2007-04,Friday,09:00,,,17:00,
Walker Library,2007-04,Saturday,09:00,,,17:00,
Walker Library,2007-04,Sunday,,,,,
Local Studies,2007-10,Monday,09:00,,,20:00,
Local Studies,2007-10,Tuesday,09:00,,,20:00,
Local Studies,2007-10,Wednesday,09:00,,,20:00,
Local Studies,2007-10,Thursday,09:00,,,20:00,
Local Studies,2007-10,Friday,09:00,,,17:00,
Local Studies,2007-10,Saturday,09:00,,,17:00,
Local Studies,2007-10,Sunday,,,12:00,16:00,
Tourist Information Centre,2007-10,Monday,09:30,,,17:30,
Tourist Information Centre,2007-10,Tuesday,09:30,,,17:30,
Tourist Information Centre,2007-10,Wednesday,09:30,,,17:30,
Tourist Information Centre,2007-10,Thursday,09:30,,,17:30,
Tourist Information Centre,2007-10,Friday,09:30,,,17:30,
Tourist Information Centre,2007-10,Saturday,09:00,,,17:00,
Tourist Information Centre,2007-10,Sunday,,,,,
City Mobile,2007-10,Monday,,,,,
City Mobile,2007-10,Tuesday,,,,,
City Mobile,2007-10,Wednesday,09:30,,,18:00,
City Mobile,2007-10,Thursday,09:30,,,18:00,
City Mobile,2007-10,Friday,,,,,
City Mobile,2007-10,Saturday,,,,,
City Mobile,2007-10,Sunday,,,,,
Mobile,2007-10,Monday,09:45,,,19:30,See full 2 week timetable for all stops and travel time
Mobile,2007-10,Tuesday,10:00,,,16:30,See full 2 week timetable for all stops and travel time
Mobile,2007-10,Wednesday,,,,,See full 2 week timetable for all stops and travel time
Mobile,2007-10,Thursday,09:45,,,19:30,See full 2 week timetable for all stops and travel time
Mobile,2007-10,Friday,09:45,,,16:30,See full 2 week timetable for all stops and travel time
Mobile,2007-10,Saturday,09:30,,,16:30,See full 2 week timetable for all stops and travel time
Mobile,2007-10,Sunday,,,,,See full 2 week timetable for all stops and travel time
Benwell Library,2007-10,Monday,09:30,12:30,13:30,20:00,
Benwell Library,2007-10,Tuesday,09:30,12:30,13:30,17:00,
Benwell Library,2007-10,Wednesday,,,,,
Benwell Library,2007-10,Thursday,09:30,12:30,13:30,20:00,
Benwell Library,2007-10,Friday,09:30,12:30,13:30,17:00,
Benwell Library,2007-10,Saturday,09:00,13:00,14:15,17:00,
Benwell Library,2007-10,Sunday,,,,,
Blakelaw Library,2007-10,Monday,,,14:00,19:00,
Blakelaw Library,2007-10,Tuesday,09:30,13:00,,,
Blakelaw Library,2007-10,Wednesday,,,,,
Blakelaw Library,2007-10,Thursday,,,14:00,19:00,
Blakelaw Library,2007-10,Friday,,,13:30,17:00,
Blakelaw Library,2007-10,Saturday,10:00,13:00,,,
Blakelaw Library,2007-10,Sunday,,,,,
Cruddas Park Library,2007-10,Monday,09:30,12:00,,,
Cruddas Park Library,2007-10,Tuesday,09:30,12:00,13:00,16:30,
Cruddas Park Library,2007-10,Wednesday,,,,,
Cruddas Park Library,2007-10,Thursday,09:30,12:00,13:00,16:30,
Cruddas Park Library,2007-10,Friday,09:30,12:00,,,
Cruddas Park Library,2007-10,Saturday,09:30,12:30,,,
Cruddas Park Library,2007-10,Sunday,,,,,
Denton Burn Library,2007-10,Monday,09:00,,,20:00,
Denton Burn Library,2007-10,Tuesday,09:00,,,17:00,
Denton Burn Library,2007-10,Wednesday,,,,,
Denton Burn Library,2007-10,Thursday,09:00,,,20:00,
Denton Burn Library,2007-10,Friday,09:00,,,17:00,
Denton Burn Library,2007-10,Saturday,09:00,,,17:00,
Denton Burn Library,2007-10,Sunday,,,,,
Dinnington Library,2007-10,Monday,,,14:00,17:00,
Dinnington Library,2007-10,Tuesday,,,,,
Dinnington Library,2007-10,Wednesday,10:00,13:00,,,
Dinnington Library,2007-10,Thursday,,,,,
Dinnington Library,2007-10,Friday,,,14:00,17:00,
Dinnington Library,2007-10,Saturday,10:00,13:00,,,
Dinnington Library,2007-10,Sunday,,,,,
East End Library,2007-10,Monday,09:00,,,20:00,
East End Library,2007-10,Tuesday,09:00,,,20:00,
East End Library,2007-10,Wednesday,09:00,,,20:00,
East End Library,2007-10,Thursday,09:00,,,20:00,
East End Library,2007-10,Friday,09:00,,,17:00,
East End Library,2007-10,Saturday,09:00,,,17:00,
East End Library,2007-10,Sunday,10:00,14:00,,,
Fawdon Library,2007-10,Monday,,,14:00,19:00,
Fawdon Library,2007-10,Tuesday,10:00,13:00,,,
Fawdon Library,2007-10,Wednesday,,,,,
Fawdon Library,2007-10,Thursday,10:00,13:00,14:00,17:00,
Fawdon Library,2007-10,Friday,10:00,13:00,,,
Fawdon Library,2007-10,Saturday,10:00,13:00,,,
Fawdon Library,2007-10,Sunday,,,,,
Fenham Library,2007-10,Monday,09:00,,,20:00,
Fenham Library,2007-10,Tuesday,09:00,,,20:00,
Fenham Library,2007-10,Wednesday,09:00,,,20:00,
Fenham Library,2007-10,Thursday,09:00,,,20:00,
Fenham Library,2007-10,Friday,09:00,,,17:00,
Fenham Library,2007-10,Saturday,09:00,,,17:00,
Fenham Library,2007-10,Sunday,10:00,14:00,,,
Gosforth Library,2007-10,Monday,09:00,,,20:00,
Gosforth Library,2007-10,Tuesday,09:00,,,20:00,
Gosforth Library,2007-10,Wednesday,09:00,,,20:00,
Gosforth Library,2007-10,Thursday,09:00,,,20:00,
Gosforth Library,2007-10,Friday,09:00,,,17:00,
Gosforth Library,2007-10,Saturday,09:00,,,17:00,
Gosforth Library,2007-10,Sunday,10:00,14:00,,,
High Heaton Library,2007-10,Monday,09:30,12:30,14:00,19:00,
High Heaton Library,2007-10,Tuesday,09:30,12:30,13:30,17:00,
High Heaton Library,2007-10,Wednesday,,,,,
High Heaton Library,2007-10,Thursday,,,,,
High Heaton Library,2007-10,Friday,09:30,12:30,14:00,16:30,
High Heaton Library,2007-10,Saturday,09:30,12:30,14:00,16:30,
High Heaton Library,2007-10,Sunday,,,,,
Jesmond Library,2007-10,Monday,09:00,,,20:00,
Jesmond Library,2007-10,Tuesday,09:00,,,20:00,
Jesmond Library,2007-10,Wednesday,09:00,,,20:00,
Jesmond Library,2007-10,Thursday,09:00,,,20:00,
Jesmond Library,2007-10,Friday,09:00,,,17:00,
Jesmond Library,2007-10,Saturday,09:00,,,17:00,
Jesmond Library,2007-10,Sunday,10:00,14:00,,,
Kenton Library,2007-10,Monday,09:00,,,20:00,
Kenton Library,2007-10,Tuesday,09:00,,,17:00,
Kenton Library,2007-10,Wednesday,09:00,,,17:00,
Kenton Library,2007-10,Thursday,09:00,,,20:00,
Kenton Library,2007-10,Friday,09:00,,,17:00,
Kenton Library,2007-10,Saturday,09:00,,,17:00,
Kenton Library,2007-10,Sunday,,,,,
Moorside Library,2007-10,Monday,,,,,
Moorside Library,2007-10,Tuesday,09:30,12:30,14:00,17:00,
Moorside Library,2007-10,Wednesday,,,,,
Moorside Library,2007-10,Thursday,,,14:00,19:00,
Moorside Library,2007-10,Friday,09:30,12:30,14:00,17:00,
Moorside Library,2007-10,Saturday,09:30,12:30,,,
Moorside Library,2007-10,Sunday,,,,,
Newbiggin Hall Library,2007-10,Monday,09:30,12:30,13:30,20:00,
Newbiggin Hall Library,2007-10,Tuesday,09:30,12:30,13:30,17:00,
Newbiggin Hall Library,2007-10,Wednesday,,,,,
Newbiggin Hall Library,2007-10,Thursday,09:30,12:30,13:30,20:00,
Newbiggin Hall Library,2007-10,Friday,09:30,12:30,13:30,17:00,
Newbiggin Hall Library,2007-10,Saturday,09:00,13:00,14:15,17:00,
Newbiggin Hall Library,2007-10,Sunday,,,,,
Newburn Library,2007-10,Monday,09:30,12:30,13:30,20:00,
Newburn Library,2007-10,Tuesday,09:30,12:30,13:30,17:00,
Newburn Library,2007-10,Wednesday,,,,,
Newburn Library,2007-10,Thursday,09:30,12:30,13:30,20:00,
Newburn Library,2007-10,Friday,09:30,12:30,13:30,17:00,
Newburn Library,2007-10,Saturday,09:00,13:00,14:15,17:00,
Newburn Library,2007-10,Sunday,,,,,
Outer West Library,2007-10,Monday,09:00,,,20:00,
Outer West Library,2007-10,Tuesday,09:00,,,17:00,
Outer West Library,2007-10,Wednesday,09:00,,,17:00,
Outer West Library,2007-10,Thursday,09:00,,,20:00,
Outer West Library,2007-10,Friday,09:00,,,17:00,
Outer West Library,2007-10,Saturday,09:00,,,17:00,
Outer West Library,2007-10,Sunday,10:00,14:00,,,
Walker Library,2007-10,Monday,09:00,,,20:00,
Walker Library,2007-10,Tuesday,09:00,,,17:00,
Walker Library,2007-10,Wednesday,,,,,
Walker Library,2007-10,Thursday,09:00,,,20:00,
Walker Library,2007-10,Friday,09:00,,,17:00,
Walker Library,2007-10,Saturday,09:00,,,17:00,
Walker Library,2007-10,Sunday,,,,,
Local Studies,2007-12,Monday,09:00,,,20:00,
Local Studies,2007-12,Tuesday,09:00,,,20:00,
Local Studies,2007-12,Wednesday,09:00,,,20:00,
Local Studies,2007-12,Thursday,09:00,,,20:00,
Local Studies,2007-12,Friday,09:00,,,17:00,
Local Studies,2007-12,Saturday,09:00,,,17:00,
Local Studies,2007-12,Sunday,,,12:00,16:00,
Tourist Information Centre,2007-12,Monday,09:30,,,17:30,
Tourist Information Centre,2007-12,Tuesday,09:30,,,17:30,
Tourist Information Centre,2007-12,Wednesday,09:30,,,17:30,
Tourist Information Centre,2007-12,Thursday,09:30,,,17:30,
Tourist Information Centre,2007-12,Friday,09:30,,,17:30,
Tourist Information Centre,2007-12,Saturday,09:00,,,17:00,
Tourist Information Centre,2007-12,Sunday,,,,,
City/High Heaton Mobile,2007-12,Monday,09:30,12:30,14:00,19:00,
City/High Heaton Mobile,2007-12,Tuesday,,,,,
City/High Heaton Mobile,2007-12,Wednesday,09:30,,,18:00,
City/High Heaton Mobile,2007-12,Thursday,09:30,,,18:00,
City/High Heaton Mobile,2007-12,Friday,09:30,12:30,14:00,16:30,
City/High Heaton Mobile,2007-12,Saturday,09:30,12:30,14:00,16:30,
City/High Heaton Mobile,2007-12,Sunday,,,,,
Mobile,2007-12,Monday,09:45,,,19:30,See full 2 week timetable for all stops and travel time
Mobile,2007-12,Tuesday,10:00,,,16:30,See full 2 week timetable for all stops and travel time
Mobile,2007-12,Wednesday,,,,,See full 2 week timetable for all stops and travel time
Mobile,2007-12,Thursday,09:45,,,19:30,See full 2 week timetable for all stops and travel time
Mobile,2007-12,Friday,09:45,,,16:30,See full 2 week timetable for all stops and travel time
Mobile,2007-12,Saturday,09:30,,,16:30,See full 2 week timetable for all stops and travel time
Mobile,2007-12,Sunday,,,,,See full 2 week timetable for all stops and travel time
Benwell Library,2007-12,Monday,09:30,12:30,13:30,20:00,
Benwell Library,2007-12,Tuesday,09:30,12:30,13:30,17:00,
Benwell Library,2007-12,Wednesday,,,,,
Benwell Library,2007-12,Thursday,09:30,12:30,13:30,20:00,
Benwell Library,2007-12,Friday,09:30,12:30,13:30,17:00,
Benwell Library,2007-12,Saturday,09:00,13:00,14:15,17:00,
Benwell Library,2007-12,Sunday,,,,,
Blakelaw Library,2007-12,Monday,,,14:00,19:00,
Blakelaw Library,2007-12,Tuesday,09:30,13:00,,,
Blakelaw Library,2007-12,Wednesday,,,,,
Blakelaw Library,2007-12,Thursday,,,14:00,19:00,
Blakelaw Library,2007-12,Friday,,,13:30,17:00,
Blakelaw Library,2007-12,Saturday,10:00,13:00,,,
Blakelaw Library,2007-12,Sunday,,,,,
Cruddas Park Library,2007-12,Monday,09:30,12:00,,,
Cruddas Park Library,2007-12,Tuesday,09:30,12:00,13:00,16:30,
Cruddas Park Library,2007-12,Wednesday,,,,,
Cruddas Park Library,2007-12,Thursday,09:30,12:00,13:00,16:30,
Cruddas Park Library,2007-12,Friday,09:30,12:00,,,
Cruddas Park Library,2007-12,Saturday,09:30,12:30,,,
Cruddas Park Library,2007-12,Sunday,,,,,
Denton Burn Library,2007-12,Monday,09:00,,,20:00,
Denton Burn Library,2007-12,Tuesday,09:00,,,17:00,
Denton Burn Library,2007-12,Wednesday,,,,,
Denton Burn Library,2007-12,Thursday,09:00,,,20:00,
Denton Burn Library,2007-12,Friday,09:00,,,17:00,
Denton Burn Library,2007-12,Saturday,09:00,,,17:00,
Denton Burn Library,2007-12,Sunday,,,,,
Dinnington Library,2007-12,Monday,,,14:00,17:00,
Dinnington Library,2007-12,Tuesday,,,,,
Dinnington Library,2007-12,Wednesday,10:00,13:00,,,
Dinnington Library,2007-12,Thursday,,,,,
Dinnington Library,2007-12,Friday,,,14:00,17:00,
Dinnington Library,2007-12,Saturday,10:00,13:00,,,
Dinnington Library,2007-12,Sunday,,,,,
East End Library,2007-12,Monday,09:00,,,20:00,
East End Library,2007-12,Tuesday,09:00,,,20:00,
East End Library,2007-12,Wednesday,09:00,,,20:00,
East End Library,2007-12,Thursday,09:00,,,20:00,
East End Library,2007-12,Friday,09:00,,,17:00,
East End Library,2007-12,Saturday,09:00,,,17:00,
East End Library,2007-12,Sunday,10:00,14:00,,,
Fawdon Library,2007-12,Monday,,,14:00,19:00,
Fawdon Library,2007-12,Tuesday,10:00,13:00,,,
Fawdon Library,2007-12,Wednesday,,,,,
Fawdon Library,2007-12,Thursday,10:00,13:00,14:00,17:00,
Fawdon Library,2007-12,Friday,10:00,13:00,,,
Fawdon Library,2007-12,Saturday,10:00,13:00,,,
Fawdon Library,2007-12,Sunday,,,,,
Fenham Library,2007-12,Monday,09:00,,,20:00,
Fenham Library,2007-12,Tuesday,09:00,,,20:00,
Fenham Library,2007-12,Wednesday,09:00,,,20:00,
Fenham Library,2007-12,Thursday,09:00,,,20:00,
Fenham Library,2007-12,Friday,09:00,,,17:00,
Fenham Library,2007-12,Saturday,09:00,,,17:00,
Fenham Library,2007-12,Sunday,10:00,14:00,,,
Gosforth Library,2007-12,Monday,08:30,,,20:00,
Gosforth Library,2007-12,Tuesday,08:30,,,20:00,
Gosforth Library,2007-12,Wednesday,08:30,,,20:00,
Gosforth Library,2007-12,Thursday,08:30,,,20:00,
Gosforth Library,2007-12,Friday,08:30,,,17:00,
Gosforth Library,2007-12,Saturday,09:00,,,17:00,
Gosforth Library,2007-12,Sunday,10:00,14:00,,,
Jesmond Library,2007-12,Monday,09:00,,,20:00,
Jesmond Library,2007-12,Tuesday,09:00,,,20:00,
Jesmond Library,2007-12,Wednesday,09:00,,,20:00,
Jesmond Library,2007-12,Thursday,09:00,,,20:00,
Jesmond Library,2007-12,Friday,09:00,,,17:00,
Jesmond Library,2007-12,Saturday,09:00,,,17:00,
Jesmond Library,2007-12,Sunday,10:00,14:00,,,
Kenton Library,2007-12,Monday,09:00,,,20:00,
Kenton Library,2007-12,Tuesday,09:00,,,17:00,
Kenton Library,2007-12,Wednesday,09:00,,,17:00,
Kenton Library,2007-12,Thursday,09:00,,,20:00,
Kenton Library,2007-12,Friday,09:00,,,17:00,
Kenton Library,2007-12,Saturday,09:00,,,17:00,
Kenton Library,2007-12,Sunday,,,,,
Moorside Library,2007-12,Monday,,,,,
Moorside Library,2007-12,Tuesday,09:30,12:30,14:00,17:00,
Moorside Library,2007-12,Wednesday,,,,,
Moorside Library,2007-12,Thursday,,,14:00,19:00,
Moorside Library,2007-12,Friday,09:30,12:30,14:00,17:00,
Moorside Library,2007-12,Saturday,09:30,12:30,,,
Moorside Library,2007-12,Sunday,,,,,
Newbiggin Hall Library,2007-12,Monday,09:30,12:30,13:30,20:00,
Newbiggin Hall Library,2007-12,Tuesday,09:30,12:30,13:30,17:00,
Newbiggin Hall Library,2007-12,Wednesday,,,,,
Newbiggin Hall Library,2007-12,Thursday,09:30,12:30,13:30,20:00,
Newbiggin Hall Library,2007-12,Friday,09:30,12:30,13:30,17:00,
Newbiggin Hall Library,2007-12,Saturday,09:00,13:00,14:15,17:00,
Newbiggin Hall Library,2007-12,Sunday,,,,,
Newburn Library,2007-12,Monday,09:30,12:30,13:30,20:00,
Newburn Library,2007-12,Tuesday,09:30,12:30,13:30,17:00,
Newburn Library,2007-12,Wednesday,,,,,
Newburn Library,2007-12,Thursday,09:30,12:30,13:30,20:00,
Newburn Library,2007-12,Friday,09:30,12:30,13:30,17:00,
Newburn Library,2007-12,Saturday,09:00,13:00,14:15,17:00,
Newburn Library,2007-12,Sunday,,,,,
Outer West Library,2007-12,Monday,09:00,,,20:00,
Outer West Library,2007-12,Tuesday,09:00,,,17:00,
Outer West Library,2007-12,Wednesday,09:00,,,17:00,
Outer West Library,2007-12,Thursday,09:00,,,20:00,
Outer West Library,2007-12,Friday,09:00,,,17:00,
Outer West Library,2007-12,Saturday,09:00,,,17:00,
Outer West Library,2007-12,Sunday,10:00,14:00,,,
Walker Library,2007-12,Monday,09:00,,,20:00,
Walker Library,2007-12,Tuesday,09:00,,,17:00,
Walker Library,2007-12,Wednesday,,,,,
Walker Library,2007-12,Thursday,09:00,,,20:00,
Walker Library,2007-12,Friday,09:00,,,17:00,
Walker Library,2007-12,Saturday,09:00,,,17:00,
Walker Library,2007-12,Sunday,,,,,
Local Studies,2008,Monday,09:00,,,20:00,
Local Studies,2008,Tuesday,09:00,,,20:00,
Local Studies,2008,Wednesday,09:00,,,20:00,
Local Studies,2008,Thursday,09:00,,,20:00,
Local Studies,2008,Friday,09:00,,,17:00,
Local Studies,2008,Saturday,09:00,,,17:00,
Local Studies,2008,Sunday,,,12:00,16:00,
Tourist Information Centre,2008,Monday,09:30,,,17:30,
Tourist Information Centre,2008,Tuesday,09:30,,,17:30,
Tourist Information Centre,2008,Wednesday,09:30,,,17:30,
Tourist Information Centre,2008,Thursday,09:30,,,17:30,
Tourist Information Centre,2008,Friday,09:30,,,17:30,
Tourist Information Centre,2008,Saturday,09:00,,,17:00,
Tourist Information Centre,2008,Sunday,,,,,
City/High Heaton Mobile,2008,Monday,,,,,
City/High Heaton Mobile,2008,Tuesday,,,,,
City/High Heaton Mobile,2008,Wednesday,09:30,,,18:00,
City/High Heaton Mobile,2008,Thursday,09:30,,,18:00,
City/High Heaton Mobile,2008,Friday,,,,,
City/High Heaton Mobile,2008,Saturday,,,,,
City/High Heaton Mobile,2008,Sunday,,,,,
Mobile,2008,Monday,09:45,,,19:30,See full 2 week timetable for all stops and travel time
Mobile,2008,Tuesday,10:00,,,16:30,See full 2 week timetable for all stops and travel time
Mobile,2008,Wednesday,,,,,See full 2 week timetable for all stops and travel time
Mobile,2008,Thursday,09:45,,,19:30,See full 2 week timetable for all stops and travel time
Mobile,2008,Friday,09:45,,,16:30,See full 2 week timetable for all stops and travel time
Mobile,2008,Saturday,09:30,,,16:30,See full 2 week timetable for all stops and travel time
Mobile,2008,Sunday,,,,,See full 2 week timetable for all stops and travel time
West End Library,2008,Monday,09:00,,,20:00,
West End Library,2008,Tuesday,09:00,,,17:00,
West End Library,2008,Wednesday,09:00,,,17:00,
West End Library,2008,Thursday,09:00,,,20:00,
West End Library,2008,Friday,09:00,,,17:00,
West End Library,2008,Saturday,09:00,,,17:00,
West End Library,2008,Sunday,,,,,
Blakelaw Library,2008,Monday,,,14:00,19:00,
Blakelaw Library,2008,Tuesday,09:30,13:00,,,
Blakelaw Library,2008,Wednesday,,,,,
Blakelaw Library,2008,Thursday,,,14:00,19:00,
Blakelaw Library,2008,Friday,,,13:30,17:00,
Blakelaw Library,2008,Saturday,10:00,13:00,,,
Blakelaw Library,2008,Sunday,,,,,
Cruddas Park Library,2008,Monday,09:30,12:00,,,
Cruddas Park Library,2008,Tuesday,09:30,12:00,13:00,16:30,
Cruddas Park Library,2008,Wednesday,,,,,
Cruddas Park Library,2008,Thursday,09:30,12:00,13:00,16:30,
Cruddas Park Library,2008,Friday,09:30,12:00,,,
Cruddas Park Library,2008,Saturday,09:30,12:30,,,
Cruddas Park Library,2008,Sunday,,,,,
Denton Burn Library,2008,Monday,09:00,,,20:00,
Denton Burn Library,2008,Tuesday,09:00,,,17:00,
Denton Burn Library,2008,Wednesday,,,,,
Denton Burn Library,2008,Thursday,09:00,,,20:00,
Denton Burn Library,2008,Friday,09:00,,,17:00,
Denton Burn Library,2008,Saturday,09:00,,,17:00,
Denton Burn Library,2008,Sunday,,,,,
Dinnington Library,2008,Monday,,,14:00,17:00,
Dinnington Library,2008,Tuesday,,,,,
Dinnington Library,2008,Wednesday,10:00,13:00,,,
Dinnington Library,2008,Thursday,,,,,
Dinnington Library,2008,Friday,,,14:00,17:00,
Dinnington Library,2008,Saturday,10:00,13:00,,,
Dinnington Library,2008,Sunday,,,,,
East End Library,2008,Monday,09:00,,,20:00,
East End Library,2008,Tuesday,09:00,,,20:00,
East End Library,2008,Wednesday,09:00,,,20:00,
East End Library,2008,Thursday,09:00,,,20:00,
East End Library,2008,Friday,09:00,,,17:00,
East End Library,2008,Saturday,09:00,,,17:00,
East End Library,2008,Sunday,10:00,14:00,,,
Fawdon Library,2008,Monday,09:00,,,19:30,
Fawdon Library,2008,Tuesday,09:00,,,19:30,
Fawdon Library,2008,Wednesday,09:00,,,19:30,
Fawdon Library,2008,Thursday,09:00,,,19:30,
Fawdon Library,2008,Friday,09:00,,,19:30,
Fawdon Library,2008,Saturday,09:00,12:00,,,
Fawdon Library,2008,Sunday,,,,,
Fenham Library,2008,Monday,09:00,,,20:00,
Fenham Library,2008,Tuesday,09:00,,,20:00,
Fenham Library,2008,Wednesday,09:00,,,20:00,
Fenham Library,2008,Thursday,09:00,,,20:00,
Fenham Library,2008,Friday,09:00,,,17:00,
Fenham Library,2008,Saturday,09:00,,,17:00,
Fenham Library,2008,Sunday,10:00,14:00,,,
Gosforth Library,2008,Monday,08:30,,,20:00,
Gosforth Library,2008,Tuesday,08:30,,,20:00,
Gosforth Library,2008,Wednesday,08:30,,,20:00,
Gosforth Library,2008,Thursday,08:30,,,20:00,
Gosforth Library,2008,Friday,08:30,,,17:00,
Gosforth Library,2008,Saturday,09:00,,,17:00,
Gosforth Library,2008,Sunday,10:00,14:00,,,
High Heaton Library,2008,Monday,09:00,,,20:00,
High Heaton Library,2008,Tuesday,09:00,,,17:00,
High Heaton Library,2008,Wednesday,,,,,
High Heaton Library,2008,Thursday,09:00,,,20:00,
High Heaton Library,2008,Friday,09:00,,,17:00,
High Heaton Library,2008,Saturday,09:00,,,17:00,
High Heaton Library,2008,Sunday,,,,,
Jesmond Library,2008,Monday,09:00,,,20:00,
Jesmond Library,2008,Tuesday,09:00,,,20:00,
Jesmond Library,2008,Wednesday,09:00,,,20:00,
Jesmond Library,2008,Thursday,09:00,,,20:00,
Jesmond Library,2008,Friday,09:00,,,17:00,
Jesmond Library,2008,Saturday,09:00,,,17:00,
Jesmond Library,2008,Sunday,10:00,14:00,,,
Kenton Library,2008,Monday,09:00,,,20:00,
Kenton Library,2008,Tuesday,09:00,,,17:00,
Kenton Library,2008,Wednesday,09:00,,,17:00,
Kenton Library,2008,Thursday,09:00,,,20:00,
Kenton Library,2008,Friday,09:00,,,17:00,
Kenton Library,2008,Saturday,09:00,,,17:00,
Kenton Library,2008,Sunday,,,,,
Moorside Library,2008,Monday,,,,,
Moorside Library,2008,Tuesday,09:30,12:30,14:00,17:00,
Moorside Library,2008,Wednesday,,,,,
Moorside Library,2008,Thursday,,,14:00,19:00,
Moorside Library,2008,Friday,09:30,12:30,14:00,17:00,
Moorside Library,2008,Saturday,09:30,12:30,,,
Moorside Library,2008,Sunday,,,,,
Newbiggin Hall Library,2008,Monday,09:30,12:30,13:30,20:00,
Newbiggin Hall Library,2008,Tuesday,09:30,12:30,13:30,17:00,
Newbiggin Hall Library,2008,Wednesday,,,,,
Newbiggin Hall Library,2008,Thursday,09:30,12:30,13:30,20:00,
Newbiggin Hall Library,2008,Friday,09:30,12:30,13:30,17:00,
Newbiggin Hall Library,2008,Saturday,09:00,13:00,14:15,17:00,
Newbiggin Hall Library,2008,Sunday,,,,,
Newburn Library,2008,Monday,09:30,12:30,13:30,20:00,
Newburn Library,2008,Tuesday,09:30,12:30,13:30,17:00,
Newburn Library,2008,Wednesday,,,,,
Newburn Library,2008,Thursday,09:30,12:30,13:30,20:00,
Newburn Library,2008,Friday,09:30,12:30,13:30,17:00,
Newburn Library,2008,Saturday,09:00,13:00,14:15,17:00,
Newburn Library,2008,Sunday,,,,,
Outer West Library,2008,Monday,09:00,,,20:00,
Outer West Library,2008,Tuesday,09:00,,,17:00,
Outer West Library,2008,Wednesday,09:00,,,17:00,
Outer West Library,2008,Thursday,09:00,,,20:00,
Outer West Library,2008,Friday,09:00,,,17:00,
Outer West Library,2008,Saturday,09:00,,,17:00,
Outer West Library,2008,Sunday,10:00,14:00,,,
Walker Library,2008,Monday,09:00,,,20:00,
Walker Library,2008,Tuesday,09:00,,,17:00,
Walker Library,2008,Wednesday,,,,,
Walker Library,2008,Thursday,09:00,,,20:00,
Walker Library,2008,Friday,09:00,,,17:00,
Walker Library,2008,Saturday,09:00,,,17:00,
Walker Library,2008,Sunday,,,,,
City Library,2009-06,Monday,08:30,,,20:00,
City Library,2009-06,Tuesday,08:30,,,20:00,
City Library,2009-06,Wednesday,08:30,,,20:00,
City Library,2009-06,Thursday,08:30,,,20:00,
City Library,2009-06,Friday,08:30,,,17:30,
City Library,2009-06,Saturday,08:30,,,17:30,
City Library,2009-06,Sunday,11:00,,,17:00,
Blakelaw Library,2014-11,Monday,,,14:00,19:00,
Blakelaw Library,2014-11,Tuesday,10:00,13:00,,,
Blakelaw Library,2014-11,Wednesday,,,,,
Blakelaw Library,2014-11,Thursday,,,14:00,17:00,
Blakelaw Library,2014-11,Friday,,,14:00,17:00,
Blakelaw Library,2014-11,Saturday,10:00,12:00,,,
Blakelaw Library,2014-11,Sunday,,,,,
City Library,2014-11,Monday,08:30,,,20:00,
City Library,2014-11,Tuesday,08:30,,,20:00,
City Library,2014-11,Wednesday,08:30,,,20:00,
City Library,2014-11,Thursday,08:30,,,20:00,
City Library,2014-11,Friday,08:30,,,17:30,
City Library,2014-11,Saturday,09:30,,,17:30,
City Library,2014-11,Sunday,11:00,,,17:00,
Cruddas Park Library,2014-11,Monday,10:00,12:30,13:30,16:30,
Cruddas Park Library,2014-11,Tuesday,10:00,12:30,13:30,16:30,
Cruddas Park Library,2014-11,Wednesday,,,,,
Cruddas Park Library,2014-11,Thursday,10:00,12:30,13:30,16:30,
Cruddas Park Library,2014-11,Friday,10:00,12:30,13:30,16:30,
Cruddas Park Library,2014-11,Saturday,09:30,12:30,,,
Cruddas Park Library,2014-11,Sunday,,,,,
Denton Burn Library,2014-11,Monday,09:30,12:30,13:30,17:00,
Denton Burn Library,2014-11,Tuesday,,,,,
Denton Burn Library,2014-11,Wednesday,,,,,
Denton Burn Library,2014-11,Thursday,09:30,12:30,13:30,17:00,
Denton Burn Library,2014-11,Friday,,,,,
Denton Burn Library,2014-11,Saturday,,,,,
Denton Burn Library,2014-11,Sunday,,,,,
East End Library,2014-11,Monday,09:00,,,20:00,
East End Library,2014-11,Tuesday,09:00,,,17:00,
East End Library,2014-11,Wednesday,09:00,,,17:00,
East End Library,2014-11,Thursday,09:00,,,20:00,
East End Library,2014-11,Friday,09:00,,,17:00,
East End Library,2014-11,Saturday,09:00,,,17:00,
East End Library,2014-11,Sunday,10:00,14:00,,,
Fawdon Library,2014-11,Monday,,,12:00,17:00,
Fawdon Library,2014-11,Tuesday,09:30,13:00,,,
Fawdon Library,2014-11,Wednesday,10:00,13:00,,,
Fawdon Library,2014-11,Thursday,,,14:00,17:00,
Fawdon Library,2014-11,Friday,09:30,13:00,,,
Fawdon Library,2014-11,Saturday,,,,,
Fawdon Library,2014-11,Sunday,,,,,
Fenham Library,2014-11,Monday,09:00,,,20:00,
Fenham Library,2014-11,Tuesday,09:00,,,16:30,
Fenham Library,2014-11,Wednesday,09:00,13:00,,,
Fenham Library,2014-11,Thursday,09:00,,,16:30,
Fenham Library,2014-11,Friday,09:00,,,16:30,
Fenham Library,2014-11,Saturday,09:00,13:00,,,
Fenham Library,2014-11,Sunday,,,,,
Gosforth Library,2014-11,Monday,08:30,,,20:00,
Gosforth Library,2014-11,Tuesday,08:30,,,17:00,
Gosforth Library,2014-11,Wednesday,08:30,,,17:00,
Gosforth Library,2014-11,Thursday,08:30,,,20:00,
Gosforth Library,2014-11,Friday,08:30,,,17:00,
Gosforth Library,2014-11,Saturday,09:00,,,17:00,
Gosforth Library,2014-11,Sunday,10:00,14:00,,,
High Heaton Library,2014-11,Monday,,,13:00,17:00,
High Heaton Library,2014-11,Tuesday,09:00,12:30,,,
High Heaton Library,2014-11,Wednesday,,,,,
High Heaton Library,2014-11,Thursday,,,14:00,19:00,
High Heaton Library,2014-11,Friday,09:00,12:30,,,
High Heaton Library,2014-11,Saturday,09:00,12:30,,,
High Heaton Library,2014-11,Sunday,,,,,
Kenton Library,2014-11,Monday,08:30,,,16:30,
Kenton Library,2014-11,Tuesday,08:30,,,16:30,
Kenton Library,2014-11,Wednesday,08:30,,,16:30,
Kenton Library,2014-11,Thursday,08:30,,,20:00,
Kenton Library,2014-11,Friday,08:30,,,16:30,
Kenton Library,2014-11,Saturday,09:00,,,17:00,
Kenton Library,2014-11,Sunday,,,,,
Newbiggin Hall Library,2014-11,Monday,09:00,12:30,13:30,20:00,
Newbiggin Hall Library,2014-11,Tuesday,09:00,12:30,13:30,17:00,
Newbiggin Hall Library,2014-11,Wednesday,,,,,
Newbiggin Hall Library,2014-11,Thursday,09:00,12:30,13:30,17:00,
Newbiggin Hall Library,2014-11,Friday,09:00,12:30,13:30,17:00,
Newbiggin Hall Library,2014-11,Saturday,09:00,12:30,,,
Newbiggin Hall Library,2014-11,Sunday,,,,,
Newburn Library,2014-11,Monday,09:30,12:30,13:30,20:00,
Newburn Library,2014-11,Tuesday,09:30,12:30,13:30,17:00,
Newburn Library,2014-11,Wednesday,,,,,
Newburn Library,2014-11,Thursday,09:30,12:30,13:30,17:00,
Newburn Library,2014-11,Friday,09:30,12:30,13:30,17:00,
Newburn Library,2014-11,Saturday,09:00,13:00,14:15,17:00,
Newburn Library,2014-11,Sunday,,,,,
Outer West Library,2014-11,Monday,09:00,,,20:00,
Outer West Library,2014-11,Tuesday,09:00,,,17:00,
Outer West Library,2014-11,Wednesday,09:00,,,17:00,
Outer West Library,2014-11,Thursday,09:00,,,20:00,
Outer West Library,2014-11,Friday,09:00,,,17:00,
Outer West Library,2014-11,Saturday,09:00,,,17:00,
Outer West Library,2014-11,Sunday,,,,,
Walker Library,2014-11,Monday,09:00,,,20:00,
Walker Library,2014-11,Tuesday,09:00,,,20:00,
Walker Library,2014-11,Wednesday,09:00,13:00,,,
Walker Library,2014-11,Thursday,09:00,,,20:00,
Walker Library,2014-11,Friday,09:00,,,17:00,
Walker Library,2014-11,Saturday,09:00,13:00,,,
Walker Library,2014-11,Sunday,,,,,
West End Library,2014-11,Monday,09:00,,,20:00,
West End Library,2014-11,Tuesday,09:00,,,17:00,
West End Library,2014-11,Wednesday,09:00,,,17:00,
West End Library,2014-11,Thursday,09:00,,,20:00,
West End Library,2014-11,Friday,09:00,,,17:00,
West End Library,2014-11,Saturday,09:00,,,17:00,
West End Library,2014-11,Sunday,,,,,
Blakelaw Library,2015-05,Monday,,,14:00,19:00,
Blakelaw Library,2015-05,Tuesday,10:00,13:00,,,
Blakelaw Library,2015-05,Wednesday,,,,,
Blakelaw Library,2015-05,Thursday,,,14:00,17:00,
Blakelaw Library,2015-05,Friday,,,14:00,17:00,
Blakelaw Library,2015-05,Saturday,10:00,12:00,,,
Blakelaw Library,2015-05,Sunday,,,,,
City Library,2015-05,Monday,08:30,,,20:00,
City Library,2015-05,Tuesday,08:30,,,20:00,
City Library,2015-05,Wednesday,08:30,,,20:00,
City Library,2015-05,Thursday,08:30,,,20:00,
City Library,2015-05,Friday,08:30,,,17:30,
City Library,2015-05,Saturday,09:30,,,17:30,
City Library,2015-05,Sunday,11:00,,,17:00,
Cruddas Park Library,2015-05,Monday,10:00,12:30,13:30,16:30,
Cruddas Park Library,2015-05,Tuesday,10:00,12:30,13:30,16:30,
Cruddas Park Library,2015-05,Wednesday,,,,,
Cruddas Park Library,2015-05,Thursday,10:00,12:30,13:30,16:30,
Cruddas Park Library,2015-05,Friday,10:00,12:30,13:30,16:30,
Cruddas Park Library,2015-05,Saturday,09:30,12:30,,,
Cruddas Park Library,2015-05,Sunday,,,,,
Denton Burn Library,2015-05,Monday,09:00,12:30,13:30,17:30,
Denton Burn Library,2015-05,Tuesday,,,,,
Denton Burn Library,2015-05,Wednesday,,,,,
Denton Burn Library,2015-05,Thursday,09:00,12:30,13:30,17:30,
Denton Burn Library,2015-05,Friday,,,,,
Denton Burn Library,2015-05,Saturday,09:00,12:30,,,
Denton Burn Library,2015-05,Sunday,,,,,
East End Library,2015-05,Monday,09:00,,,20:00,
East End Library,2015-05,Tuesday,09:00,,,17:00,
East End Library,2015-05,Wednesday,09:00,,,17:00,
East End Library,2015-05,Thursday,09:00,,,20:00,
East End Library,2015-05,Friday,09:00,,,17:00,
East End Library,2015-05,Saturday,09:00,,,17:00,
East End Library,2015-05,Sunday,10:00,14:00,,,
Fawdon Library,2015-05,Monday,,,12:00,17:00,
Fawdon Library,2015-05,Tuesday,09:30,13:00,,,
Fawdon Library,2015-05,Wednesday,10:00,13:00,,,
Fawdon Library,2015-05,Thursday,,,14:00,17:00,
Fawdon Library,2015-05,Friday,09:30,13:00,,,
Fawdon Library,2015-05,Saturday,,,,,
Fawdon Library,2015-05,Sunday,,,,,
Fenham Library,2015-05,Monday,09:00,,,20:00,
Fenham Library,2015-05,Tuesday,09:00,,,16:30,
Fenham Library,2015-05,Wednesday,09:00,13:00,,,
Fenham Library,2015-05,Thursday,09:00,,,16:30,
Fenham Library,2015-05,Friday,09:00,,,16:30,
Fenham Library,2015-05,Saturday,09:00,13:00,,,
Fenham Library,2015-05,Sunday,,,,,
Gosforth Library,2015-05,Monday,08:30,,,20:00,
Gosforth Library,2015-05,Tuesday,08:30,,,17:00,
Gosforth Library,2015-05,Wednesday,08:30,,,17:00,
Gosforth Library,2015-05,Thursday,08:30,,,20:00,
Gosforth Library,2015-05,Friday,08:30,,,17:00,
Gosforth Library,2015-05,Saturday,09:00,,,17:00,
Gosforth Library,2015-05,Sunday,10:00,14:00,,,
High Heaton Library,2015-05,Monday,,,13:00,17:00,
High Heaton Library,2015-05,Tuesday,09:00,12:30,,,
High Heaton Library,2015-05,Wednesday,,,,,
High Heaton Library,2015-05,Thursday,,,14:00,19:00,
High Heaton Library,2015-05,Friday,09:00,12:30,,,
High Heaton Library,2015-05,Saturday,09:00,12:30,,,
High Heaton Library,2015-05,Sunday,,,,,
Kenton Library,2015-05,Monday,08:30,,,16:30,
Kenton Library,2015-05,Tuesday,08:30,,,16:30,
Kenton Library,2015-05,Wednesday,08:30,,,16:30,
Kenton Library,2015-05,Thursday,08:30,,,20:00,
Kenton Library,2015-05,Friday,08:30,,,16:30,
Kenton Library,2015-05,Saturday,09:00,,,17:00,
Kenton Library,2015-05,Sunday,,,,,
Newbiggin Hall Library,2015-05,Monday,09:00,12:30,13:30,20:00,
Newbiggin Hall Library,2015-05,Tuesday,09:00,12:30,13:30,17:00,
Newbiggin Hall Library,2015-05,Wednesday,,,,,
Newbiggin Hall Library,2015-05,Thursday,09:00,12:30,13:30,17:00,
Newbiggin Hall Library,2015-05,Friday,09:00,12:30,13:30,17:00,
Newbiggin Hall Library,2015-05,Saturday,09:00,12:30,,,
Newbiggin Hall Library,2015-05,Sunday,,,,,
Newburn Library,2015-05,Monday,09:30,12:30,13:30,20:00,
Newburn Library,2015-05,Tuesday,09:30,12:30,13:30,17:00,
Newburn Library,2015-05,Wednesday,,,,,
Newburn Library,2015-05,Thursday,09:30,12:30,13:30,17:00,
Newburn Library,2015-05,Friday,09:30,12:30,13:30,17:00,
Newburn Library,2015-05,Saturday,09:00,12:30,,,
Newburn Library,2015-05,Sunday,,,,,
Outer West Library,2015-05,Monday,09:00,,,20:00,
Outer West Library,2015-05,Tuesday,09:00,,,17:00,
Outer West Library,2015-05,Wednesday,09:00,,,17:00,
Outer West Library,2015-05,Thursday,09:00,,,20:00,
Outer West Library,2015-05,Friday,09:00,,,17:00,
Outer West Library,2015-05,Saturday,09:00,,,17:00,
Outer West Library,2015-05,Sunday,,,,,
Walker Library,2015-05,Monday,09:00,,,17:00,
Walker Library,2015-05,Tuesday,09:00,,,17:00,
Walker Library,2015-05,Wednesday,09:00,13:00,,,
Walker Library,2015-05,Thursday,09:00,,,20:00,
Walker Library,2015-05,Friday,09:00,,,17:00,
Walker Library,2015-05,Saturday,09:00,13:00,,,
Walker Library,2015-05,Sunday,,,,,
West End Library,2015-05,Monday,09:00,,,20:00,
West End Library,2015-05,Tuesday,09:00,,,17:00,
West End Library,2015-05,Wednesday,09:00,,,17:00,
West End Library,2015-05,Thursday,09:00,,,20:00,
West End Library,2015-05,Friday,09:00,,,17:00,
West End Library,2015-05,Saturday,09:00,,,17:00,
West End Library,2015-05,Sunday,,,,,
Blakelaw Library,2015-10,Monday,,,14:00,19:00,
Blakelaw Library,2015-10,Tuesday,10:00,13:00,,,
Blakelaw Library,2015-10,Wednesday,,,,,
Blakelaw Library,2015-10,Thursday,,,14:00,17:00,
Blakelaw Library,2015-10,Friday,,,14:00,17:00,
Blakelaw Library,2015-10,Saturday,10:00,12:00,,,
Blakelaw Library,2015-10,Sunday,,,,,
City Library,2015-10,Monday,08:30,,,20:00,
City Library,2015-10,Tuesday,08:30,,,20:00,
City Library,2015-10,Wednesday,08:30,,,20:00,
City Library,2015-10,Thursday,08:30,,,20:00,
City Library,2015-10,Friday,08:30,,,17:30,
City Library,2015-10,Saturday,09:30,,,17:30,
City Library,2015-10,Sunday,11:00,,,17:00,
Cruddas Park Library,2015-10,Monday,10:00,12:30,13:30,16:30,
Cruddas Park Library,2015-10,Tuesday,10:00,12:30,13:30,16:30,
Cruddas Park Library,2015-10,Wednesday,,,,,
Cruddas Park Library,2015-10,Thursday,10:00,12:30,13:30,16:30,
Cruddas Park Library,2015-10,Friday,10:00,12:30,13:30,16:30,
Cruddas Park Library,2015-10,Saturday,09:30,12:30,,,
Cruddas Park Library,2015-10,Sunday,,,,,
Denton Burn Library,2015-10,Monday,09:00,12:30,13:30,17:30,
Denton Burn Library,2015-10,Tuesday,,,,,
Denton Burn Library,2015-10,Wednesday,,,,,
Denton Burn Library,2015-10,Thursday,09:00,12:30,13:30,17:30,
Denton Burn Library,2015-10,Friday,,,,,
Denton Burn Library,2015-10,Saturday,09:00,12:30,,,
Denton Burn Library,2015-10,Sunday,,,,,
East End Library,2015-10,Monday,09:00,,,20:00,
East End Library,2015-10,Tuesday,09:00,,,17:00,
East End Library,2015-10,Wednesday,09:00,,,17:00,
East End Library,2015-10,Thursday,09:00,,,20:00,
East End Library,2015-10,Friday,09:00,,,17:00,
East End Library,2015-10,Saturday,09:00,,,17:00,
East End Library,2015-10,Sunday,10:00,14:00,,,
Fenham Library,2015-10,Monday,09:00,,,20:00,
Fenham Library,2015-10,Tuesday,09:00,,,16:30,
Fenham Library,2015-10,Wednesday,09:00,13:00,,,
Fenham Library,2015-10,Thursday,09:00,,,16:30,
Fenham Library,2015-10,Friday,09:00,,,16:30,
Fenham Library,2015-10,Saturday,09:00,13:00,,,
Fenham Library,2015-10,Sunday,,,,,
Gosforth Library,2015-10,Monday,08:30,,,20:00,
Gosforth Library,2015-10,Tuesday,08:30,,,17:00,
Gosforth Library,2015-10,Wednesday,08:30,,,17:00,
Gosforth Library,2015-10,Thursday,08:30,,,20:00,
Gosforth Library,2015-10,Friday,08:30,,,17:00,
Gosforth Library,2015-10,Saturday,09:00,,,17:00,
Gosforth Library,2015-10,Sunday,10:00,14:00,,,
High Heaton Library,2015-10,Monday,,,13:00,17:00,
High Heaton Library,2015-10,Tuesday,09:00,12:30,,,
High Heaton Library,2015-10,Wednesday,,,,,
High Heaton Library,2015-10,Thursday,,,14:00,19:00,
High Heaton Library,2015-10,Friday,09:00,12:30,,,
High Heaton Library,2015-10,Saturday,09:00,12:30,,,
High Heaton Library,2015-10,Sunday,,,,,
Kenton Library,2015-10,Monday,08:30,,,16:30,
Kenton Library,2015-10,Tuesday,08:30,,,16:30,
Kenton Library,2015-10,Wednesday,08:30,,,16:30,
Kenton Library,2015-10,Thursday,08:30,,,20:00,
Kenton Library,2015-10,Friday,08:30,,,16:30,
Kenton Library,2015-10,Saturday,09:00,,,17:00,
Kenton Library,2015-10,Sunday,,,,,
Newbiggin Hall Library,2015-10,Monday,08:00,,,16:00,
Newbiggin Hall Library,2015-10,Tuesday,08:00,,,16:00,
Newbiggin Hall Library,2015-10,Wednesday,08:00,,,16:00,
Newbiggin Hall Library,2015-10,Thursday,08:00,,,16:00,
Newbiggin Hall Library,2015-10,Friday,08:00,,,16:00,
Newbiggin Hall Library,2015-10,Saturday,,,,,
Newbiggin Hall Library,2015-10,Sunday,08:00,,,15:00,
Newburn Library,2015-10,Monday,09:30,12:30,13:30,20:00,
Newburn Library,2015-10,Tuesday,09:30,12:30,13:30,17:00,
Newburn Library,2015-10,Wednesday,,,,,
Newburn Library,2015-10,Thursday,09:30,12:30,13:30,17:00,
Newburn Library,2015-10,Friday,09:30,12:30,13:30,17:00,
Newburn Library,2015-10,Saturday,09:00,12:30,,,
Newburn Library,2015-10,Sunday,,,,,
Outer West Library,2015-10,Monday,09:00,,,20:00,
Outer West Library,2015-10,Tuesday,09:00,,,17:00,
Outer West Library,2015-10,Wednesday,09:00,,,17:00,
Outer West Library,2015-10,Thursday,09:00,,,20:00,
Outer West Library,2015-10,Friday,09:00,,,17:00,
Outer West Library,2015-10,Saturday,09:00,,,17:00,
Outer West Library,2015-10,Sunday,,,,,
Walker Library,2015-10,Monday,09:00,,,17:00,
Walker Library,2015-10,Tuesday,09:00,,,17:00,
Walker Library,2015-10,Wednesday,09:00,13:00,,,
Walker Library,2015-10,Thursday,09:00,,,20:00,
Walker Library,2015-10,Friday,09:00,,,17:00,
Walker Library,2015-10,Saturday,09:00,13:00,,,
Walker Library,2015-10,Sunday,,,,,
West End Library,2015-10,Monday,09:00,,,20:00,
West End Library,2015-10,Tuesday,09:00,,,17:00,
West End Library,2015-10,Wednesday,09:00,,,17:00,
West End Library,2015-10,Thursday,09:00,,,20:00,
West End Library,2015-10,Friday,09:00,,,17:00,
West End Library,2015-10,Saturday,09:00,,,17:00,
West End Library,2015-10,Sunday,,,,,
Blakelaw Library,09/05/2016,Monday,14:00,,,18:00,
Blakelaw Library,09/05/2016,Tuesday,14:00,,,18:00,
Blakelaw Library,09/05/2016,Wednesday,14:00,,,18:00,
Blakelaw Library,09/05/2016,Thursday,14:00,,,18:00,
Blakelaw Library,09/05/2016,Friday,14:00,,,17:00,
Blakelaw Library,09/05/2016,Saturday,,,,,
Blakelaw Library,09/05/2016,Sunday,,,,,
City Library,09/05/2016,Monday,10:00,,,19:00,
City Library,09/05/2016,Tuesday,10:00,,,19:00,
City Library,09/05/2016,Wednesday,10:00,,,19:00,
City Library,09/05/2016,Thursday,10:00,,,19:00,
City Library,09/05/2016,Friday,10:00,,,17:00,
City Library,09/05/2016,Saturday,10:00,,,16:00,
City Library,09/05/2016,Sunday,11:00,,,16:00,
Cruddas Park Library,09/05/2016,Monday,10:00,12:30,13:30,16:30,
Cruddas Park Library,09/05/2016,Tuesday,10:00,12:30,13:30,16:30,
Cruddas Park Library,09/05/2016,Wednesday,,,,,
Cruddas Park Library,09/05/2016,Thursday,10:00,12:30,13:30,16:30,
Cruddas Park Library,09/05/2016,Friday,10:00,12:30,13:30,16:30,
Cruddas Park Library,09/05/2016,Saturday,10:00,14:00,,,
Cruddas Park Library,09/05/2016,Sunday,,,,,
Denton Burn Library,09/05/2016,Monday,10:00,13:00,13:30,17:30,
Denton Burn Library,09/05/2016,Tuesday,,,,,
Denton Burn Library,09/05/2016,Wednesday,,,,,
Denton Burn Library,09/05/2016,Thursday,10:00,13:00,13:30,17:30,
Denton Burn Library,09/05/2016,Friday,,,,,
Denton Burn Library,09/05/2016,Saturday,10:00,14:00,,,
Denton Burn Library,09/05/2016,Sunday,,,,,
East End Library,09/05/2016,Monday,10:00,,,18:00,
East End Library,09/05/2016,Tuesday,,,,,
East End Library,09/05/2016,Wednesday,,,,,
East End Library,09/05/2016,Thursday,10:00,14:00,,,
East End Library,09/05/2016,Friday,10:00,,,17:00,
East End Library,09/05/2016,Saturday,10:00,14:00,,,
East End Library,09/05/2016,Sunday,,,,,
Fenham Library,09/05/2016,Monday,,,,,
Fenham Library,09/05/2016,Tuesday,,,,,
Fenham Library,09/05/2016,Wednesday,10:00,14:00,,,
Fenham Library,09/05/2016,Thursday,10:00,12:30,13:00,16:30,
Fenham Library,09/05/2016,Friday,,,13:00,16:30,
Fenham Library,09/05/2016,Saturday,10:00,14:00,,,
Fenham Library,09/05/2016,Sunday,,,,,
Gosforth Library,09/05/2016,Monday,,,,,
Gosforth Library,09/05/2016,Tuesday,10:00,,,18:00,
Gosforth Library,09/05/2016,Wednesday,10:00,14:00,,,
Gosforth Library,09/05/2016,Thursday,,,,,
Gosforth Library,09/05/2016,Friday,10:00,,,17:00,
Gosforth Library,09/05/2016,Saturday,10:00,14:00,,,
Gosforth Library,09/05/2016,Sunday,,,,,
High Heaton Library,09/05/2016,Monday,,,13:00,17:00,
High Heaton Library,09/05/2016,Tuesday,10:00,13:30,,,
High Heaton Library,09/05/2016,Wednesday,,,,,
High Heaton Library,09/05/2016,Thursday,,,13:00,17:00,
High Heaton Library,09/05/2016,Friday,10:00,13:30,,,
High Heaton Library,09/05/2016,Saturday,10:00,13:00,,,
High Heaton Library,09/05/2016,Sunday,,,,,
Kenton Library,09/05/2016,Monday,,,,,
Kenton Library,09/05/2016,Tuesday,10:00,14:00,,,
Kenton Library,09/05/2016,Wednesday,,,,,
Kenton Library,09/05/2016,Thursday,10:00,,,18:00,
Kenton Library,09/05/2016,Friday,10:00,,,17:00,
Kenton Library,09/05/2016,Saturday,10:00,14:00,,,
Kenton Library,09/05/2016,Sunday,,,,,
Newburn Library,09/05/2016,Monday,10:00,14:00,,,
Newburn Library,09/05/2016,Tuesday,10:00,12:30,13:00,17:00,
Newburn Library,09/05/2016,Wednesday,,,,,
Newburn Library,09/05/2016,Thursday,,,,,
Newburn Library,09/05/2016,Friday,,,13:00,17:00,
Newburn Library,09/05/2016,Saturday,10:00,14:00,,,
Newburn Library,09/05/2016,Sunday,,,,,
Outer West Library,09/05/2016,Monday,,,,,
Outer West Library,09/05/2016,Tuesday,10:00,14:00,,,
Outer West Library,09/05/2016,Wednesday,,,,,
Outer West Library,09/05/2016,Thursday,10:00,,,18:00,
Outer West Library,09/05/2016,Friday,10:00,,,17:00,
Outer West Library,09/05/2016,Saturday,10:00,14:00,,,
Outer West Library,09/05/2016,Sunday,,,,,
Walker Library,09/05/2016,Monday,10:00,,,17:00,
Walker Library,09/05/2016,Tuesday,,,,,
Walker Library,09/05/2016,Wednesday,10:00,14:00,,,
Walker Library,09/05/2016,Thursday,10:00,,,18:00,
Walker Library,09/05/2016,Friday,,,,,
Walker Library,09/05/2016,Saturday,10:00,14:00,,,
Walker Library,09/05/2016,Sunday,,,,,
West End Library,09/05/2016,Monday,10:00,,,18:00,
West End Library,09/05/2016,Tuesday,,,,,
West End Library,09/05/2016,Wednesday,10:00,14:00,,,
West End Library,09/05/2016,Thursday,,,,,
West End Library,09/05/2016,Friday,10:00,,,17:00,
West End Library,09/05/2016,Saturday,10:00,,,,
West End Library,09/05/2016,Sunday,,,,,
Blakelaw Library,14/11/2016,Monday,,,14:00,17:30,
Blakelaw Library,14/11/2016,Tuesday,,,14:00,17:30,
Blakelaw Library,14/11/2016,Wednesday,,,14:00,17:30,
Blakelaw Library,14/11/2016,Thursday,,,14:00,17:30,
Blakelaw Library,14/11/2016,Friday,,,13:00,17:00,
Blakelaw Library,14/11/2016,Saturday,,,,,
Blakelaw Library,14/11/2016,Sunday,,,,,
City Library,14/11/2016,Monday,10:00,,,19:00,
City Library,14/11/2016,Tuesday,10:00,,,19:00,
City Library,14/11/2016,Wednesday,10:00,,,19:00,
City Library,14/11/2016,Thursday,10:00,,,19:00,
City Library,14/11/2016,Friday,10:00,,,17:00,
City Library,14/11/2016,Saturday,10:00,,,16:00,
City Library,14/11/2016,Sunday,11:00,,,16:00,
Cruddas Park Library,14/11/2016,Monday,10:00,12:30,13:30,16:30,
Cruddas Park Library,14/11/2016,Tuesday,10:00,12:30,13:30,16:30,
Cruddas Park Library,14/11/2016,Wednesday,,,,,
Cruddas Park Library,14/11/2016,Thursday,10:00,12:30,13:30,16:30,
Cruddas Park Library,14/11/2016,Friday,10:00,12:30,13:30,16:30,
Cruddas Park Library,14/11/2016,Saturday,10:00,14:00,,,
Cruddas Park Library,14/11/2016,Sunday,,,,,
Denton Burn Library,14/11/2016,Monday,10:00,13:00,13:30,17:30,
Denton Burn Library,14/11/2016,Tuesday,,,,,
Denton Burn Library,14/11/2016,Wednesday,,,,,
Denton Burn Library,14/11/2016,Thursday,10:00,13:00,13:30,17:30,
Denton Burn Library,14/11/2016,Friday,,,,,
Denton Burn Library,14/11/2016,Saturday,10:00,14:00,,,
Denton Burn Library,14/11/2016,Sunday,,,,,
East End Library,14/11/2016,Monday,10:00,,,18:00,
East End Library,14/11/2016,Tuesday,,,,,
East End Library,14/11/2016,Wednesday,,,,,
East End Library,14/11/2016,Thursday,10:00,14:00,,,
East End Library,14/11/2016,Friday,10:00,,,17:00,
East End Library,14/11/2016,Saturday,10:00,14:00,,,
East End Library,14/11/2016,Sunday,,,,,
Fenham Library,14/11/2016,Monday,,,,,
Fenham Library,14/11/2016,Tuesday,,,,,
Fenham Library,14/11/2016,Wednesday,10:00,14:00,,,
Fenham Library,14/11/2016,Thursday,10:00,12:30,13:00,16:30,
Fenham Library,14/11/2016,Friday,,,13:00,16:30,
Fenham Library,14/11/2016,Saturday,10:00,14:00,,,
Fenham Library,14/11/2016,Sunday,,,,,
Gosforth Library,14/11/2016,Monday,,,,,
Gosforth Library,14/11/2016,Tuesday,10:00,,,18:00,
Gosforth Library,14/11/2016,Wednesday,10:00,14:00,,,
Gosforth Library,14/11/2016,Thursday,,,,,
Gosforth Library,14/11/2016,Friday,10:00,,,17:00,
Gosforth Library,14/11/2016,Saturday,10:00,14:00,,,
Gosforth Library,14/11/2016,Sunday,,,,,
High Heaton Library,14/11/2016,Monday,,,13:00,17:00,
High Heaton Library,14/11/2016,Tuesday,10:00,13:30,,,
High Heaton Library,14/11/2016,Wednesday,,,,,
High Heaton Library,14/11/2016,Thursday,,,13:00,17:00,
High Heaton Library,14/11/2016,Friday,10:00,13:30,,,
High Heaton Library,14/11/2016,Saturday,10:00,13:00,,,
High Heaton Library,14/11/2016,Sunday,,,,,
Kenton Library,14/11/2016,Monday,,,,,
Kenton Library,14/11/2016,Tuesday,10:00,14:00,,,
Kenton Library,14/11/2016,Wednesday,,,,,
Kenton Library,14/11/2016,Thursday,10:00,,,18:00,
Kenton Library,14/11/2016,Friday,10:00,,,17:00,
Kenton Library,14/11/2016,Saturday,10:00,14:00,,,
Kenton Library,14/11/2016,Sunday,,,,,
Newburn Library,14/11/2016,Monday,10:00,14:00,,,
Newburn Library,14/11/2016,Tuesday,10:00,12:30,13:00,17:00,
Newburn Library,14/11/2016,Wednesday,,,,,
Newburn Library,14/11/2016,Thursday,,,,,
Newburn Library,14/11/2016,Friday,,,13:00,17:00,
Newburn Library,14/11/2016,Saturday,10:00,14:00,,,
Newburn Library,14/11/2016,Sunday,,,,,
Outer West Library,14/11/2016,Monday,,,,,
Outer West Library,14/11/2016,Tuesday,10:00,14:00,,,
Outer West Library,14/11/2016,Wednesday,,,,,
Outer West Library,14/11/2016,Thursday,10:00,,,18:00,
Outer West Library,14/11/2016,Friday,10:00,,,17:00,
Outer West Library,14/11/2016,Saturday,10:00,14:00,,,
Outer West Library,14/11/2016,Sunday,,,,,
Walker Library,14/11/2016,Monday,10:00,,,17:00,
Walker Library,14/11/2016,Tuesday,,,,,
Walker Library,14/11/2016,Wednesday,10:00,14:00,,,
Walker Library,14/11/2016,Thursday,10:00,,,18:00,
Walker Library,14/11/2016,Friday,,,,,
Walker Library,14/11/2016,Saturday,10:00,14:00,,,
Walker Library,14/11/2016,Sunday,,,,,
West End Library,14/11/2016,Monday,10:00,,,18:00,
West End Library,14/11/2016,Tuesday,,,,,
West End Library,14/11/2016,Wednesday,10:00,14:00,,,
West End Library,14/11/2016,Thursday,,,,,
West End Library,14/11/2016,Friday,10:00,,,17:00,
West End Library,14/11/2016,Saturday,10:00,,,,
West End Library,14/11/2016,Sunday,,,,,
Blakelaw Library,03/04/2017,Monday,,,14:00,17:30,
Blakelaw Library,03/04/2017,Tuesday,,,13:00,17:00,
Blakelaw Library,03/04/2017,Wednesday,,,14:00,17:30,
Blakelaw Library,03/04/2017,Thursday,,,,,
Blakelaw Library,03/04/2017,Friday,,,13:00,17:00,
Blakelaw Library,03/04/2017,Saturday,,,,,
Blakelaw Library,03/04/2017,Sunday,,,,,
City Library,03/04/2017,Monday,10:00,,,19:00,
City Library,03/04/2017,Tuesday,10:00,,,19:00,
City Library,03/04/2017,Wednesday,10:00,,,19:00,
City Library,03/04/2017,Thursday,10:00,,,19:00,
City Library,03/04/2017,Friday,10:00,,,17:00,
City Library,03/04/2017,Saturday,10:00,,,16:00,
City Library,03/04/2017,Sunday,11:00,,,16:00,
Cruddas Park Library,03/04/2017,Monday,10:00,12:30,13:30,16:30,
Cruddas Park Library,03/04/2017,Tuesday,10:00,12:30,13:30,16:30,
Cruddas Park Library,03/04/2017,Wednesday,,,,,
Cruddas Park Library,03/04/2017,Thursday,10:00,12:30,13:30,16:30,
Cruddas Park Library,03/04/2017,Friday,10:00,12:30,13:30,16:30,
Cruddas Park Library,03/04/2017,Saturday,10:00,14:00,,,
Cruddas Park Library,03/04/2017,Sunday,,,,,
Denton Burn Library,03/04/2017,Monday,10:00,13:00,13:30,17:30,
Denton Burn Library,03/04/2017,Tuesday,,,,,
Denton Burn Library,03/04/2017,Wednesday,,,,,
Denton Burn Library,03/04/2017,Thursday,10:00,13:00,13:30,17:30,
Denton Burn Library,03/04/2017,Friday,,,,,
Denton Burn Library,03/04/2017,Saturday,10:00,14:00,,,
Denton Burn Library,03/04/2017,Sunday,,,,,
East End Library,03/04/2017,Monday,10:00,,,18:00,
East End Library,03/04/2017,Tuesday,,,,,
East End Library,03/04/2017,Wednesday,,,,,
East End Library,03/04/2017,Thursday,10:00,14:00,,,
East End Library,03/04/2017,Friday,10:00,,,17:00,
East End Library,03/04/2017,Saturday,10:00,14:00,,,
East End Library,03/04/2017,Sunday,,,,,
Fenham Library,03/04/2017,Monday,,,,,
Fenham Library,03/04/2017,Tuesday,,,,,
Fenham Library,03/04/2017,Wednesday,10:00,14:00,,,
Fenham Library,03/04/2017,Thursday,10:00,12:30,13:00,16:30,
Fenham Library,03/04/2017,Friday,,,13:00,16:30,
Fenham Library,03/04/2017,Saturday,10:00,14:00,,,
Fenham Library,03/04/2017,Sunday,,,,,
Gosforth Library,03/04/2017,Monday,,,,,
Gosforth Library,03/04/2017,Tuesday,10:00,,,18:00,
Gosforth Library,03/04/2017,Wednesday,10:00,14:00,,,
Gosforth Library,03/04/2017,Thursday,,,,,
Gosforth Library,03/04/2017,Friday,10:00,,,17:00,
Gosforth Library,03/04/2017,Saturday,10:00,14:00,,,
Gosforth Library,03/04/2017,Sunday,,,,,
High Heaton Library,03/04/2017,Monday,,,13:00,17:00,
High Heaton Library,03/04/2017,Tuesday,10:00,13:30,,,
High Heaton Library,03/04/2017,Wednesday,,,,,
High Heaton Library,03/04/2017,Thursday,,,13:00,17:00,
High Heaton Library,03/04/2017,Friday,10:00,13:30,,,
High Heaton Library,03/04/2017,Saturday,10:00,13:00,,,
High Heaton Library,03/04/2017,Sunday,,,,,
Kenton Library,03/04/2017,Monday,,,,,
Kenton Library,03/04/2017,Tuesday,10:00,14:00,,,
Kenton Library,03/04/2017,Wednesday,,,,,
Kenton Library,03/04/2017,Thursday,10:00,,,18:00,
Kenton Library,03/04/2017,Friday,10:00,,,17:00,
Kenton Library,03/04/2017,Saturday,10:00,14:00,,,
Kenton Library,03/04/2017,Sunday,,,,,
Newburn Library,03/04/2017,Monday,10:00,14:00,,,
Newburn Library,03/04/2017,Tuesday,10:00,12:30,13:00,17:00,
Newburn Library,03/04/2017,Wednesday,,,,,
Newburn Library,03/04/2017,Thursday,,,,,
Newburn Library,03/04/2017,Friday,,,13:00,17:00,
Newburn Library,03/04/2017,Saturday,10:00,14:00,,,
Newburn Library,03/04/2017,Sunday,,,,,
Outer West Library,03/04/2017,Monday,,,,,
Outer West Library,03/04/2017,Tuesday,10:00,14:00,,,
Outer West Library,03/04/2017,Wednesday,,,,,
Outer West Library,03/04/2017,Thursday,10:00,,,18:00,
Outer West Library,03/04/2017,Friday,10:00,,,17:00,
Outer West Library,03/04/2017,Saturday,10:00,14:00,,,
Outer West Library,03/04/2017,Sunday,,,,,
Walker Library,03/04/2017,Monday,10:00,,,17:00,
Walker Library,03/04/2017,Tuesday,,,,,
Walker Library,03/04/2017,Wednesday,10:00,14:00,,,
Walker Library,03/04/2017,Thursday,10:00,,,18:00,
Walker Library,03/04/2017,Friday,,,,,
Walker Library,03/04/2017,Saturday,10:00,14:00,,,
Walker Library,03/04/2017,Sunday,,,,,
West End Library,03/04/2017,Monday,10:00,,,18:00,
West End Library,03/04/2017,Tuesday,,,,,
West End Library,03/04/2017,Wednesday,10:00,14:00,,,
West End Library,03/04/2017,Thursday,,,,,
West End Library,03/04/2017,Friday,10:00,,,17:00,
West End Library,03/04/2017,Saturday,10:00,,,,
West End Library,03/04/2017,Sunday,,,,,
Blakelaw Library,06/11/2017,Monday,,,13:15,17:00,
Blakelaw Library,06/11/2017,Tuesday,,,13:15,17:00,
Blakelaw Library,06/11/2017,Wednesday,,,13:15,17:00,
Blakelaw Library,06/11/2017,Thursday,,,,,
Blakelaw Library,06/11/2017,Friday,,,13:15,17:00,
Blakelaw Library,06/11/2017,Saturday,,,,,
Blakelaw Library,06/11/2017,Sunday,,,,,
City Library,06/11/2017,Monday,10:00,,,19:00,
City Library,06/11/2017,Tuesday,10:00,,,19:00,
City Library,06/11/2017,Wednesday,10:00,,,19:00,
City Library,06/11/2017,Thursday,10:00,,,19:00,
City Library,06/11/2017,Friday,10:00,,,17:00,
City Library,06/11/2017,Saturday,10:00,,,16:00,
City Library,06/11/2017,Sunday,11:00,,,16:00,
Cruddas Park Library,06/11/2017,Monday,10:00,12:30,13:30,16:30,
Cruddas Park Library,06/11/2017,Tuesday,10:00,12:30,13:30,16:30,
Cruddas Park Library,06/11/2017,Wednesday,,,,,
Cruddas Park Library,06/11/2017,Thursday,10:00,12:30,13:30,16:30,
Cruddas Park Library,06/11/2017,Friday,10:00,12:30,13:30,16:30,
Cruddas Park Library,06/11/2017,Saturday,10:00,14:00,,,
Cruddas Park Library,06/11/2017,Sunday,,,,,
Denton Burn Library,06/11/2017,Monday,10:00,13:00,13:30,17:30,
Denton Burn Library,06/11/2017,Tuesday,,,,,
Denton Burn Library,06/11/2017,Wednesday,,,,,
Denton Burn Library,06/11/2017,Thursday,10:00,13:00,13:30,17:30,
Denton Burn Library,06/11/2017,Friday,,,,,
Denton Burn Library,06/11/2017,Saturday,10:00,14:00,,,
Denton Burn Library,06/11/2017,Sunday,,,,,
East End Library,06/11/2017,Monday,10:00,,,18:00,
East End Library,06/11/2017,Tuesday,,,,,
East End Library,06/11/2017,Wednesday,,,,,
East End Library,06/11/2017,Thursday,10:00,14:00,,,
East End Library,06/11/2017,Friday,10:00,,,17:00,
East End Library,06/11/2017,Saturday,10:00,14:00,,,
East End Library,06/11/2017,Sunday,,,,,
Fenham Library,06/11/2017,Monday,,,,,
Fenham Library,06/11/2017,Tuesday,,,,,
Fenham Library,06/11/2017,Wednesday,10:00,14:00,,,
Fenham Library,06/11/2017,Thursday,10:00,12:30,13:00,16:30,
Fenham Library,06/11/2017,Friday,,,13:00,16:30,
Fenham Library,06/11/2017,Saturday,10:00,14:00,,,
Fenham Library,06/11/2017,Sunday,,,,,
Gosforth Library,06/11/2017,Monday,,,,,
Gosforth Library,06/11/2017,Tuesday,10:00,,,18:00,
Gosforth Library,06/11/2017,Wednesday,10:00,14:00,,,
Gosforth Library,06/11/2017,Thursday,,,,,
Gosforth Library,06/11/2017,Friday,10:00,,,17:00,
Gosforth Library,06/11/2017,Saturday,10:00,14:00,,,
Gosforth Library,06/11/2017,Sunday,,,,,
High Heaton Library,06/11/2017,Monday,,,13:00,17:00,
High Heaton Library,06/11/2017,Tuesday,10:00,13:30,,,
High Heaton Library,06/11/2017,Wednesday,,,,,
High Heaton Library,06/11/2017,Thursday,,,13:00,17:00,
High Heaton Library,06/11/2017,Friday,10:00,13:30,,,
High Heaton Library,06/11/2017,Saturday,10:00,13:00,,,
High Heaton Library,06/11/2017,Sunday,,,,,
Kenton Library,06/11/2017,Monday,,,,,
Kenton Library,06/11/2017,Tuesday,10:00,14:00,,,
Kenton Library,06/11/2017,Wednesday,,,,,
Kenton Library,06/11/2017,Thursday,10:00,,,18:00,
Kenton Library,06/11/2017,Friday,10:00,,,17:00,
Kenton Library,06/11/2017,Saturday,10:00,14:00,,,
Kenton Library,06/11/2017,Sunday,,,,,
Newburn Library,06/11/2017,Monday,10:00,14:00,,,
Newburn Library,06/11/2017,Tuesday,10:00,12:30,13:00,17:00,
Newburn Library,06/11/2017,Wednesday,,,,,
Newburn Library,06/11/2017,Thursday,,,,,
Newburn Library,06/11/2017,Friday,,,13:00,17:00,
Newburn Library,06/11/2017,Saturday,10:00,14:00,,,
Newburn Library,06/11/2017,Sunday,,,,,
Outer West Library,06/11/2017,Monday,,,,,
Outer West Library,06/11/2017,Tuesday,10:00,14:00,,,
Outer West Library,06/11/2017,Wednesday,,,,,
Outer West Library,06/11/2017,Thursday,10:00,,,18:00,
Outer West Library,06/11/2017,Friday,10:00,,,17:00,
Outer West Library,06/11/2017,Saturday,10:00,14:00,,,
Outer West Library,06/11/2017,Sunday,,,,,
Walker Library,06/11/2017,Monday,10:00,,,17:00,
Walker Library,06/11/2017,Tuesday,,,,,
Walker Library,06/11/2017,Wednesday,10:00,14:00,,,
Walker Library,06/11/2017,Thursday,10:00,,,18:00,
Walker Library,06/11/2017,Friday,,,,,
Walker Library,06/11/2017,Saturday,10:00,14:00,,,
Walker Library,06/11/2017,Sunday,,,,,
West End Library,06/11/2017,Monday,10:00,,,18:00,
West End Library,06/11/2017,Tuesday,,,,,
West End Library,06/11/2017,Wednesday,10:00,14:00,,,
West End Library,06/11/2017,Thursday,,,,,
West End Library,06/11/2017,Friday,10:00,,,17:00,
West End Library,06/11/2017,Saturday,10:00,,,,
West End Library,06/11/2017,Sunday,,,,,
