location,dataset-date,day,open_morning,close_lunchtime,open_lunchtime,close_evening,
Benwell Library,2004,Monday,09:30,12:30,13:30,20:00,
Benwell Library,2004,Tuesday,09:30,12:30,13:30,17:00,
Benwell Library,2004,Wednesday,,,,,
Benwell Library,2004,Thursday,09:30,12:30,13:30,20:00,
Benwell Library,2004,Friday,09:30,12:30,13:30,17:00,
Benwell Library,2004,Saturday,09:00,13:00,14:15,17:00,
Benwell Library,2004,Sunday,,,,,
Blakelaw Library,2004,Monday,,,14:00,19:00,
Blakelaw Library,2004,Tuesday,,,13:30,17:00,
Blakelaw Library,2004,Wednesday,,,,,
Blakelaw Library,2004,Thursday,,,14:00,19:00,
Blakelaw Library,2004,Friday,,,13:30,17:00,
Blakelaw Library,2004,Saturday,10:00,13:00,,,
Blakelaw Library,2004,Sunday,,,,,
City Library,2004,Monday,09:00,,,20:00,
City Library,2004,Tuesday,09:00,,,20:00,
City Library,2004,Wednesday,09:00,,,20:00,
City Library,2004,Thursday,09:00,,,20:00,
City Library,2004,Friday,09:00,,,17:00,
City Library,2004,Saturday,09:00,,,17:00,
City Library,2004,Sunday,,,12:00,16:00,
Cruddas Park Library,2004,Monday,09:30,12:00,,,
Cruddas Park Library,2004,Tuesday,09:30,12:00,13:00,16:30,
Cruddas Park Library,2004,Wednesday,,,,,
Cruddas Park Library,2004,Thursday,09:30,12:00,13:00,16:30,
Cruddas Park Library,2004,Friday,09:30,12:00,,,
Cruddas Park Library,2004,Saturday,09:30,12:30,,,
Cruddas Park Library,2004,Sunday,,,,,
Denton Burn Library,2004,Monday,09:00,,,20:00,
Denton Burn Library,2004,Tuesday,09:00,,,17:00,
Denton Burn Library,2004,Wednesday,,,,,
Denton Burn Library,2004,Thursday,09:00,,,20:00,
Denton Burn Library,2004,Friday,09:00,,,17:00,
Denton Burn Library,2004,Saturday,09:00,,,17:00,
Denton Burn Library,2004,Sunday,,,,,
Dinnington Library,2004,Monday,,,14:00,17:00,
Dinnington Library,2004,Tuesday,,,,,
Dinnington Library,2004,Wednesday,10:00,13:00,,,
Dinnington Library,2004,Thursday,,,,,
Dinnington Library,2004,Friday,,,14:00,17:00,
Dinnington Library,2004,Saturday,10:00,13:00,,,
Dinnington Library,2004,Sunday,,,,,
East End Library,2004,Monday,09:00,,,20:00,
East End Library,2004,Tuesday,09:00,,,17:00,
East End Library,2004,Wednesday,09:00,,,17:00,
East End Library,2004,Thursday,09:00,,,20:00,
East End Library,2004,Friday,09:00,,,17:00,
East End Library,2004,Saturday,09:00,,,17:00,
East End Library,2004,Sunday,10:00,14:00,,,
Fawdon Library,2004,Monday,,,14:00,19:00,
Fawdon Library,2004,Tuesday,10:00,13:00,,,
Fawdon Library,2004,Wednesday,,,,,
Fawdon Library,2004,Thursday,10:00,13:00,14:00,17:00,
Fawdon Library,2004,Friday,10:00,13:00,,,
Fawdon Library,2004,Saturday,10:00,13:00,,,
Fawdon Library,2004,Sunday,,,,,
Fenham Library,2004,Monday,09:00,,,20:00,
Fenham Library,2004,Tuesday,09:00,,,17:00,
Fenham Library,2004,Wednesday,,,,,
Fenham Library,2004,Thursday,09:00,,,20:00,
Fenham Library,2004,Friday,09:00,,,17:00,
Fenham Library,2004,Saturday,09:00,,,17:00,
Fenham Library,2004,Sunday,,,,,
Gosforth Library,2004,Monday,09:00,,,20:00,
Gosforth Library,2004,Tuesday,09:00,,,17:00,
Gosforth Library,2004,Wednesday,09:00,,,17:00,
Gosforth Library,2004,Thursday,09:00,,,20:00,
Gosforth Library,2004,Friday,09:00,,,17:00,
Gosforth Library,2004,Saturday,09:00,,,17:00,
Gosforth Library,2004,Sunday,10:00,14:00,,,
High Heaton Library,2004,Monday,09:30,12:30,13:30,20:00,
High Heaton Library,2004,Tuesday,09:30,12:30,13:30,17:00,
High Heaton Library,2004,Wednesday,,,,,
High Heaton Library,2004,Thursday,09:30,12:30,13:30,20:00,
High Heaton Library,2004,Friday,09:30,12:30,13:30,17:00,
High Heaton Library,2004,Saturday,09:00,13:00,14:15,17:00,
High Heaton Library,2004,Sunday,,,,,
Jesmond Library,2004,Monday,09:00,,,20:00,
Jesmond Library,2004,Tuesday,09:00,,,17:00,
Jesmond Library,2004,Wednesday,,,,,
Jesmond Library,2004,Thursday,09:00,,,20:00,
Jesmond Library,2004,Friday,09:00,,,17:00,
Jesmond Library,2004,Saturday,09:00,,,17:00,
Jesmond Library,2004,Sunday,,,,,
Kenton Library,2004,Monday,09:30,12:30,13:30,20:00,
Kenton Library,2004,Tuesday,09:30,12:30,13:30,17:00,
Kenton Library,2004,Wednesday,,,,,
Kenton Library,2004,Thursday,09:30,12:30,13:30,20:00,
Kenton Library,2004,Friday,09:30,12:30,13:30,17:00,
Kenton Library,2004,Saturday,09:00,13:00,14:15,17:00,
Kenton Library,2004,Sunday,,,,,
Moorside Library,2004,Monday,,,,,
Moorside Library,2004,Tuesday,09:30,12:30,14:00,17:00,
Moorside Library,2004,Wednesday,,,,,
Moorside Library,2004,Thursday,,,14:00,19:00,
Moorside Library,2004,Friday,09:30,12:30,14:00,17:00,
Moorside Library,2004,Saturday,09:30,12:30,,,
Moorside Library,2004,Sunday,,,,,
Newbiggin Hall Library,2004,Monday,09:30,12:30,13:30,20:00,
Newbiggin Hall Library,2004,Tuesday,09:30,12:30,13:30,17:00,
Newbiggin Hall Library,2004,Wednesday,,,,,
Newbiggin Hall Library,2004,Thursday,09:30,12:30,13:30,20:00,
Newbiggin Hall Library,2004,Friday,09:30,12:30,13:30,17:00,
Newbiggin Hall Library,2004,Saturday,09:00,13:00,14:15,17:00,
Newbiggin Hall Library,2004,Sunday,,,,,
Newburn Library,2004,Monday,09:30,12:30,13:30,20:00,
Newburn Library,2004,Tuesday,09:30,12:30,13:30,17:00,
Newburn Library,2004,Wednesday,,,,,
Newburn Library,2004,Thursday,09:30,12:30,13:30,20:00,
Newburn Library,2004,Friday,09:30,12:30,13:30,17:00,
Newburn Library,2004,Saturday,09:00,13:00,14:15,17:00,
Newburn Library,2004,Sunday,,,,,
Outer West Library,2004,Monday,09:00,,,20:00,
Outer West Library,2004,Tuesday,09:00,,,17:00,
Outer West Library,2004,Wednesday,09:00,,,17:00,
Outer West Library,2004,Thursday,09:00,,,20:00,
Outer West Library,2004,Friday,09:00,,,17:00,
Outer West Library,2004,Saturday,09:00,,,17:00,
Outer West Library,2004,Sunday,10:00,14:00,,,
Walker Library,2004,Monday,09:00,,,20:00,
Walker Library,2004,Tuesday,09:00,,,17:00,
Walker Library,2004,Wednesday,,,,,
Walker Library,2004,Thursday,09:00,,,20:00,
Walker Library,2004,Friday,09:00,,,17:00,
Walker Library,2004,Saturday,09:00,,,17:00,
Walker Library,2004,Sunday,,,,,
Benwell Library,2005-07,Monday,09:30,12:30,13:30,20:00,
Benwell Library,2005-07,Tuesday,09:30,12:30,13:30,17:00,
Benwell Library,2005-07,Wednesday,,,,,
Benwell Library,2005-07,Thursday,09:30,12:30,13:30,20:00,
Benwell Library,2005-07,Friday,09:30,12:30,13:30,17:00,
Benwell Library,2005-07,Saturday,09:00,13:00,14:15,17:00,
Benwell Library,2005-07,Sunday,,,,,
Blakelaw Library,2005-07,Monday,,,14:00,19:00,
Blakelaw Library,2005-07,Tuesday,09:30,13:00,,,
Blakelaw Library,2005-07,Wednesday,,,,,
Blakelaw Library,2005-07,Thursday,,,14:00,19:00,
Blakelaw Library,2005-07,Friday,,,13:30,17:00,
Blakelaw Library,2005-07,Saturday,10:00,13:00,,,
Blakelaw Library,2005-07,Sunday,,,,,
City Library,2005-07,Monday,09:00,,,20:00,
City Library,2005-07,Tuesday,09:00,,,20:00,
City Library,2005-07,Wednesday,09:00,,,20:00,
City Library,2005-07,Thursday,09:00,,,20:00,
City Library,2005-07,Friday,09:00,,,17:00,
City Library,2005-07,Saturday,09:00,,,17:00,
City Library,2005-07,Sunday,,,12:00,16:00,
Cruddas Park Library,2005-07,Monday,09:30,12:00,,,
Cruddas Park Library,2005-07,Tuesday,09:30,12:00,13:00,16:30,
Cruddas Park Library,2005-07,Wednesday,,,,,
Cruddas Park Library,2005-07,Thursday,09:30,12:00,13:00,16:30,
Cruddas Park Library,2005-07,Friday,09:30,12:00,,,
Cruddas Park Library,2005-07,Saturday,09:30,12:30,,,
Cruddas Park Library,2005-07,Sunday,,,,,
Denton Burn Library,2005-07,Monday,09:00,,,20:00,
Denton Burn Library,2005-07,Tuesday,09:00,,,17:00,
Denton Burn Library,2005-07,Wednesday,,,,,
Denton Burn Library,2005-07,Thursday,09:00,,,20:00,
Denton Burn Library,2005-07,Friday,09:00,,,17:00,
Denton Burn Library,2005-07,Saturday,09:00,,,17:00,
Denton Burn Library,2005-07,Sunday,,,,,
Dinnington Library,2005-07,Monday,,,14:00,17:00,
Dinnington Library,2005-07,Tuesday,,,,,
Dinnington Library,2005-07,Wednesday,10:00,13:00,,,
Dinnington Library,2005-07,Thursday,,,,,
Dinnington Library,2005-07,Friday,,,14:00,17:00,
Dinnington Library,2005-07,Saturday,10:00,13:00,,,
Dinnington Library,2005-07,Sunday,,,,,
East End Library,2005-07,Monday,09:00,,,20:00,
East End Library,2005-07,Tuesday,09:00,,,17:00,
East End Library,2005-07,Wednesday,09:00,,,17:00,
East End Library,2005-07,Thursday,09:00,,,20:00,
East End Library,2005-07,Friday,09:00,,,17:00,
East End Library,2005-07,Saturday,09:00,,,17:00,
East End Library,2005-07,Sunday,10:00,14:00,,,
Fawdon Library,2005-07,Monday,,,14:00,19:00,
Fawdon Library,2005-07,Tuesday,10:00,13:00,,,
Fawdon Library,2005-07,Wednesday,,,,,
Fawdon Library,2005-07,Thursday,10:00,13:00,14:00,17:00,
Fawdon Library,2005-07,Friday,10:00,13:00,,,
Fawdon Library,2005-07,Saturday,10:00,13:00,,,
Fawdon Library,2005-07,Sunday,,,,,
Fenham Library,2005-07,Monday,09:00,,,20:00,
Fenham Library,2005-07,Tuesday,09:00,,,17:00,
Fenham Library,2005-07,Wednesday,,,,,
Fenham Library,2005-07,Thursday,09:00,,,20:00,
Fenham Library,2005-07,Friday,09:00,,,17:00,
Fenham Library,2005-07,Saturday,09:00,,,17:00,
Fenham Library,2005-07,Sunday,,,,,
Gosforth Library,2005-07,Monday,09:00,,,20:00,
Gosforth Library,2005-07,Tuesday,09:00,,,17:00,
Gosforth Library,2005-07,Wednesday,09:00,,,17:00,
Gosforth Library,2005-07,Thursday,09:00,,,20:00,
Gosforth Library,2005-07,Friday,09:00,,,17:00,
Gosforth Library,2005-07,Saturday,09:00,,,17:00,
Gosforth Library,2005-07,Sunday,10:00,14:00,,,
High Heaton Library,2005-07,Monday,09:30,12:30,13:30,20:00,
High Heaton Library,2005-07,Tuesday,09:30,12:30,13:30,17:00,
High Heaton Library,2005-07,Wednesday,,,,,
High Heaton Library,2005-07,Thursday,09:30,12:30,13:30,20:00,
High Heaton Library,2005-07,Friday,09:30,12:30,13:30,17:00,
High Heaton Library,2005-07,Saturday,09:00,13:00,14:15,17:00,
High Heaton Library,2005-07,Sunday,,,,,
Jesmond Library,2005-07,Monday,09:00,,,20:00,
Jesmond Library,2005-07,Tuesday,09:00,,,17:00,
Jesmond Library,2005-07,Wednesday,,,,,
Jesmond Library,2005-07,Thursday,09:00,,,20:00,
Jesmond Library,2005-07,Friday,09:00,,,17:00,
Jesmond Library,2005-07,Saturday,09:00,,,17:00,
Jesmond Library,2005-07,Sunday,,,,,
Kenton Library,2005-07,Monday,09:30,12:30,13:30,20:00,
Kenton Library,2005-07,Tuesday,09:30,12:30,13:30,17:00,
Kenton Library,2005-07,Wednesday,,,,,
Kenton Library,2005-07,Thursday,09:30,12:30,13:30,20:00,
Kenton Library,2005-07,Friday,09:30,12:30,13:30,17:00,
Kenton Library,2005-07,Saturday,09:00,13:00,14:15,17:00,
Kenton Library,2005-07,Sunday,,,,,
Moorside Library,2005-07,Monday,,,,,
Moorside Library,2005-07,Tuesday,09:30,12:30,14:00,17:00,
Moorside Library,2005-07,Wednesday,,,,,
Moorside Library,2005-07,Thursday,,,14:00,19:00,
Moorside Library,2005-07,Friday,09:30,12:30,14:00,17:00,
Moorside Library,2005-07,Saturday,09:30,12:30,,,
Moorside Library,2005-07,Sunday,,,,,
Newbiggin Hall Library,2005-07,Monday,09:30,12:30,13:30,20:00,
Newbiggin Hall Library,2005-07,Tuesday,09:30,12:30,13:30,17:00,
Newbiggin Hall Library,2005-07,Wednesday,,,,,
Newbiggin Hall Library,2005-07,Thursday,09:30,12:30,13:30,20:00,
Newbiggin Hall Library,2005-07,Friday,09:30,12:30,13:30,17:00,
Newbiggin Hall Library,2005-07,Saturday,09:00,13:00,14:15,17:00,
Newbiggin Hall Library,2005-07,Sunday,,,,,
Newburn Library,2005-07,Monday,09:30,12:30,13:30,20:00,
Newburn Library,2005-07,Tuesday,09:30,12:30,13:30,17:00,
Newburn Library,2005-07,Wednesday,,,,,
Newburn Library,2005-07,Thursday,09:30,12:30,13:30,20:00,
Newburn Library,2005-07,Friday,09:30,12:30,13:30,17:00,
Newburn Library,2005-07,Saturday,09:00,13:00,14:15,17:00,
Newburn Library,2005-07,Sunday,,,,,
Outer West Library,2005-07,Monday,09:00,,,20:00,
Outer West Library,2005-07,Tuesday,09:00,,,17:00,
Outer West Library,2005-07,Wednesday,09:00,,,17:00,
Outer West Library,2005-07,Thursday,09:00,,,20:00,
Outer West Library,2005-07,Friday,09:00,,,17:00,
Outer West Library,2005-07,Saturday,09:00,,,17:00,
Outer West Library,2005-07,Sunday,10:00,14:00,,,
Walker Library,2005-07,Monday,09:00,,,20:00,
Walker Library,2005-07,Tuesday,09:00,,,17:00,
Walker Library,2005-07,Wednesday,,,,,
Walker Library,2005-07,Thursday,09:00,,,20:00,
Walker Library,2005-07,Friday,09:00,,,17:00,
Walker Library,2005-07,Saturday,09:00,,,17:00,
Walker Library,2005-07,Sunday,,,,,
Benwell Library,2005-11,Monday,09:30,12:30,13:30,20:00,
Benwell Library,2005-11,Tuesday,09:30,12:30,13:30,17:00,
Benwell Library,2005-11,Wednesday,,,,,
Benwell Library,2005-11,Thursday,09:30,12:30,13:30,20:00,
Benwell Library,2005-11,Friday,09:30,12:30,13:30,17:00,
Benwell Library,2005-11,Saturday,09:00,13:00,14:15,17:00,
Benwell Library,2005-11,Sunday,,,,,
Blakelaw Library,2005-11,Monday,,,14:00,19:00,
Blakelaw Library,2005-11,Tuesday,09:30,13:00,,,
Blakelaw Library,2005-11,Wednesday,,,,,
Blakelaw Library,2005-11,Thursday,,,14:00,19:00,
Blakelaw Library,2005-11,Friday,,,13:30,17:00,
Blakelaw Library,2005-11,Saturday,10:00,13:00,,,
Blakelaw Library,2005-11,Sunday,,,,,
City Library,2005-11,Monday,09:00,,,20:00,
City Library,2005-11,Tuesday,09:00,,,20:00,
City Library,2005-11,Wednesday,09:00,,,20:00,
City Library,2005-11,Thursday,09:00,,,20:00,
City Library,2005-11,Friday,09:00,,,17:00,
City Library,2005-11,Saturday,09:00,,,17:00,
City Library,2005-11,Sunday,,,12:00,16:00,
Cruddas Park Library,2005-11,Monday,09:30,12:00,,,
Cruddas Park Library,2005-11,Tuesday,09:30,12:00,13:00,16:30,
Cruddas Park Library,2005-11,Wednesday,,,,,
Cruddas Park Library,2005-11,Thursday,09:30,12:00,13:00,16:30,
Cruddas Park Library,2005-11,Friday,09:30,12:00,,,
Cruddas Park Library,2005-11,Saturday,09:30,12:30,,,
Cruddas Park Library,2005-11,Sunday,,,,,
Denton Burn Library,2005-11,Monday,09:00,,,20:00,
Denton Burn Library,2005-11,Tuesday,09:00,,,17:00,
Denton Burn Library,2005-11,Wednesday,,,,,
Denton Burn Library,2005-11,Thursday,09:00,,,20:00,
Denton Burn Library,2005-11,Friday,09:00,,,17:00,
Denton Burn Library,2005-11,Saturday,09:00,,,17:00,
Denton Burn Library,2005-11,Sunday,,,,,
Dinnington Library,2005-11,Monday,,,14:00,17:00,
Dinnington Library,2005-11,Tuesday,,,,,
Dinnington Library,2005-11,Wednesday,10:00,13:00,,,
Dinnington Library,2005-11,Thursday,,,,,
Dinnington Library,2005-11,Friday,,,14:00,17:00,
Dinnington Library,2005-11,Saturday,10:00,13:00,,,
Dinnington Library,2005-11,Sunday,,,,,
East End Library,2005-11,Monday,09:00,,,20:00,
East End Library,2005-11,Tuesday,09:00,,,17:00,
East End Library,2005-11,Wednesday,09:00,,,17:00,
East End Library,2005-11,Thursday,09:00,,,20:00,
East End Library,2005-11,Friday,09:00,,,17:00,
East End Library,2005-11,Saturday,09:00,,,17:00,
East End Library,2005-11,Sunday,10:00,14:00,,,
Fawdon Library,2005-11,Monday,,,14:00,19:00,
Fawdon Library,2005-11,Tuesday,10:00,13:00,,,
Fawdon Library,2005-11,Wednesday,,,,,
Fawdon Library,2005-11,Thursday,10:00,13:00,14:00,17:00,
Fawdon Library,2005-11,Friday,10:00,13:00,,,
Fawdon Library,2005-11,Saturday,10:00,13:00,,,
Fawdon Library,2005-11,Sunday,,,,,
Fenham Library,2005-11,Monday,09:00,,,20:00,
Fenham Library,2005-11,Tuesday,09:00,,,17:00,
Fenham Library,2005-11,Wednesday,,,,,
Fenham Library,2005-11,Thursday,09:00,,,20:00,
Fenham Library,2005-11,Friday,09:00,,,17:00,
Fenham Library,2005-11,Saturday,09:00,,,17:00,
Fenham Library,2005-11,Sunday,,,,,
Gosforth Library,2005-11,Monday,09:00,,,20:00,
Gosforth Library,2005-11,Tuesday,09:00,,,17:00,
Gosforth Library,2005-11,Wednesday,09:00,,,17:00,
Gosforth Library,2005-11,Thursday,09:00,,,20:00,
Gosforth Library,2005-11,Friday,09:00,,,17:00,
Gosforth Library,2005-11,Saturday,09:00,,,17:00,
Gosforth Library,2005-11,Sunday,10:00,14:00,,,
High Heaton Library,2005-11,Monday,09:30,12:30,13:30,20:00,
High Heaton Library,2005-11,Tuesday,09:30,12:30,13:30,17:00,
High Heaton Library,2005-11,Wednesday,,,,,
High Heaton Library,2005-11,Thursday,09:30,12:30,13:30,20:00,
High Heaton Library,2005-11,Friday,09:30,12:30,13:30,17:00,
High Heaton Library,2005-11,Saturday,09:00,13:00,14:15,17:00,
High Heaton Library,2005-11,Sunday,,,,,
Jesmond Library,2005-11,Monday,09:00,,,20:00,
Jesmond Library,2005-11,Tuesday,09:00,,,17:00,
Jesmond Library,2005-11,Wednesday,,,,,
Jesmond Library,2005-11,Thursday,09:00,,,20:00,
Jesmond Library,2005-11,Friday,09:00,,,17:00,
Jesmond Library,2005-11,Saturday,09:00,,,17:00,
Jesmond Library,2005-11,Sunday,,,,,
Kenton Library,2005-11,Monday,09:00,,,20:00,
Kenton Library,2005-11,Tuesday,09:00,,,17:00,
Kenton Library,2005-11,Wednesday,09:00,,,17:00,
Kenton Library,2005-11,Thursday,09:00,,,20:00,
Kenton Library,2005-11,Friday,09:00,,,17:00,
Kenton Library,2005-11,Saturday,09:00,,,17:00,
Kenton Library,2005-11,Sunday,,,,,
Moorside Library,2005-11,Monday,,,,,
Moorside Library,2005-11,Tuesday,09:30,12:30,14:00,17:00,
Moorside Library,2005-11,Wednesday,,,,,
Moorside Library,2005-11,Thursday,,,14:00,19:00,
Moorside Library,2005-11,Friday,09:30,12:30,14:00,17:00,
Moorside Library,2005-11,Saturday,09:30,12:30,,,
Moorside Library,2005-11,Sunday,,,,,
Newbiggin Hall Library,2005-11,Monday,09:30,12:30,13:30,20:00,
Newbiggin Hall Library,2005-11,Tuesday,09:30,12:30,13:30,17:00,
Newbiggin Hall Library,2005-11,Wednesday,,,,,
Newbiggin Hall Library,2005-11,Thursday,09:30,12:30,13:30,20:00,
Newbiggin Hall Library,2005-11,Friday,09:30,12:30,13:30,17:00,
Newbiggin Hall Library,2005-11,Saturday,09:00,13:00,14:15,17:00,
Newbiggin Hall Library,2005-11,Sunday,,,,,
Newburn Library,2005-11,Monday,09:30,12:30,13:30,20:00,
Newburn Library,2005-11,Tuesday,09:30,12:30,13:30,17:00,
Newburn Library,2005-11,Wednesday,,,,,
Newburn Library,2005-11,Thursday,09:30,12:30,13:30,20:00,
Newburn Library,2005-11,Friday,09:30,12:30,13:30,17:00,
Newburn Library,2005-11,Saturday,09:00,13:00,14:15,17:00,
Newburn Library,2005-11,Sunday,,,,,
Outer West Library,2005-11,Monday,09:00,,,20:00,
Outer West Library,2005-11,Tuesday,09:00,,,17:00,
Outer West Library,2005-11,Wednesday,09:00,,,17:00,
Outer West Library,2005-11,Thursday,09:00,,,20:00,
Outer West Library,2005-11,Friday,09:00,,,17:00,
Outer West Library,2005-11,Saturday,09:00,,,17:00,
Outer West Library,2005-11,Sunday,10:00,14:00,,,
Walker Library,2005-11,Monday,09:00,,,20:00,
Walker Library,2005-11,Tuesday,09:00,,,17:00,
Walker Library,2005-11,Wednesday,,,,,
Walker Library,2005-11,Thursday,09:00,,,20:00,
Walker Library,2005-11,Friday,09:00,,,17:00,
Walker Library,2005-11,Saturday,09:00,,,17:00,
Walker Library,2005-11,Sunday,,,,,
Local Studies,2006-10,Monday,09:00,,,20:00,
Local Studies,2006-10,Tuesday,09:00,,,20:00,
Local Studies,2006-10,Wednesday,09:00,,,20:00,
Local Studies,2006-10,Thursday,09:00,,,20:00,
Local Studies,2006-10,Friday,09:00,,,17:00,
Local Studies,2006-10,Saturday,09:00,,,17:00,
Local Studies,2006-10,Sunday,,,12:00,16:00,
Tourist Information Centre,2006-10,Monday,09:30,,,17:30,
Tourist Information Centre,2006-10,Tuesday,09:30,,,17:30,
Tourist Information Centre,2006-10,Wednesday,09:30,,,17:30,
Tourist Information Centre,2006-10,Thursday,09:30,,,17:30,
Tourist Information Centre,2006-10,Friday,09:30,,,17:30,
Tourist Information Centre,2006-10,Saturday,09:00,,,17:00,
Tourist Information Centre,2006-10,Sunday,,,,,
City Mobile,2006-10,Monday,,,,,
City Mobile,2006-10,Tuesday,,,,,
City Mobile,2006-10,Wednesday,09:30,,,18:00,
City Mobile,2006-10,Thursday,09:30,,,18:00,
City Mobile,2006-10,Friday,,,,,
City Mobile,2006-10,Saturday,,,,,
City Mobile,2006-10,Sunday,,,,,
Mobile,2006-10,Monday,09:45,,,19:30,See full 2 week timetable for all stops and travel time
Mobile,2006-10,Tuesday,10:00,,,16:30,See full 2 week timetable for all stops and travel time
Mobile,2006-10,Wednesday,,,,,See full 2 week timetable for all stops and travel time
Mobile,2006-10,Thursday,09:45,,,19:30,See full 2 week timetable for all stops and travel time
Mobile,2006-10,Friday,09:45,,,16:30,See full 2 week timetable for all stops and travel time
Mobile,2006-10,Saturday,09:30,,,16:30,See full 2 week timetable for all stops and travel time
Mobile,2006-10,Sunday,,,,,See full 2 week timetable for all stops and travel time
City Library,2006-10,Monday,,,,,
City Library,2006-10,Tuesday,,,,,
City Library,2006-10,Wednesday,,,,,
City Library,2006-10,Thursday,,,,,
City Library,2006-10,Friday,,,,,
City Library,2006-10,Saturday,,,,,
City Library,2006-10,Sunday,,,,,
Benwell Library,2006-10,Monday,09:30,12:30,13:30,20:00,
Benwell Library,2006-10,Tuesday,09:30,12:30,13:30,17:00,
Benwell Library,2006-10,Wednesday,17:00,17:00,17:00,17:00,
Benwell Library,2006-10,Thursday,09:30,12:30,13:30,20:00,
Benwell Library,2006-10,Friday,09:30,12:30,13:30,17:00,
Benwell Library,2006-10,Saturday,09:00,13:00,14:15,17:00,
Benwell Library,2006-10,Sunday,17:00,17:00,17:00,17:00,
Blakelaw Library,2006-10,Monday,,,14:00,19:00,
Blakelaw Library,2006-10,Tuesday,09:30,13:00,,,
Blakelaw Library,2006-10,Wednesday,17:00,17:00,17:00,17:00,
Blakelaw Library,2006-10,Thursday,,,14:00,19:00,
Blakelaw Library,2006-10,Friday,,,13:30,17:00,
Blakelaw Library,2006-10,Saturday,10:00,13:00,17:00,17:00,
Blakelaw Library,2006-10,Sunday,17:00,17:00,17:00,17:00,
Cruddas Park Library,2006-10,Monday,09:30,12:00,17:00,17:00,
Cruddas Park Library,2006-10,Tuesday,09:30,12:00,13:00,16:30,
Cruddas Park Library,2006-10,Wednesday,17:00,17:00,17:00,17:00,
Cruddas Park Library,2006-10,Thursday,09:30,12:00,13:00,16:30,
Cruddas Park Library,2006-10,Friday,09:30,12:00,17:00,17:00,
Cruddas Park Library,2006-10,Saturday,09:30,12:30,17:00,17:00,
Cruddas Park Library,2006-10,Sunday,17:00,17:00,17:00,17:00,
Denton Burn Library,2006-10,Monday,09:00,,,20:00,
Denton Burn Library,2006-10,Tuesday,09:00,,,17:00,
Denton Burn Library,2006-10,Wednesday,17:00,17:00,17:00,17:00,
Denton Burn Library,2006-10,Thursday,09:00,,,20:00,
Denton Burn Library,2006-10,Friday,09:00,,,17:00,
Denton Burn Library,2006-10,Saturday,09:00,,,17:00,
Denton Burn Library,2006-10,Sunday,17:00,17:00,17:00,17:00,
Dinnington Library,2006-10,Monday,,,14:00,17:00,
Dinnington Library,2006-10,Tuesday,17:00,17:00,17:00,17:00,
Dinnington Library,2006-10,Wednesday,10:00,13:00,17:00,17:00,
Dinnington Library,2006-10,Thursday,17:00,17:00,17:00,17:00,
Dinnington Library,2006-10,Friday,,,14:00,17:00,
Dinnington Library,2006-10,Saturday,10:00,13:00,17:00,17:00,
Dinnington Library,2006-10,Sunday,17:00,17:00,17:00,17:00,
East End Library,2006-10,Monday,09:00,,,20:00,
East End Library,2006-10,Tuesday,09:00,,,17:00,
East End Library,2006-10,Wednesday,09:00,,,17:00,
East End Library,2006-10,Thursday,09:00,,,20:00,
East End Library,2006-10,Friday,09:00,,,17:00,
East End Library,2006-10,Saturday,09:00,,,17:00,
East End Library,2006-10,Sunday,10:00,14:00,17:00,17:00,
Fawdon Library,2006-10,Monday,,,14:00,19:00,
Fawdon Library,2006-10,Tuesday,10:00,13:00,17:00,17:00,
Fawdon Library,2006-10,Wednesday,17:00,17:00,17:00,17:00,
Fawdon Library,2006-10,Thursday,10:00,13:00,14:00,17:00,
Fawdon Library,2006-10,Friday,10:00,13:00,17:00,17:00,
Fawdon Library,2006-10,Saturday,10:00,13:00,17:00,17:00,
Fawdon Library,2006-10,Sunday,17:00,17:00,17:00,17:00,
Fenham Library,2006-10,Monday,09:00,,,20:00,
Fenham Library,2006-10,Tuesday,09:00,,,17:00,
Fenham Library,2006-10,Wednesday,17:00,17:00,17:00,17:00,
Fenham Library,2006-10,Thursday,09:00,,,20:00,
Fenham Library,2006-10,Friday,09:00,,,17:00,
Fenham Library,2006-10,Saturday,09:00,,,17:00,
Fenham Library,2006-10,Sunday,17:00,17:00,17:00,17:00,
Gosforth Library,2006-10,Monday,09:00,,,20:00,
Gosforth Library,2006-10,Tuesday,09:00,,,17:00,
Gosforth Library,2006-10,Wednesday,09:00,,,17:00,
Gosforth Library,2006-10,Thursday,09:00,,,20:00,
Gosforth Library,2006-10,Friday,09:00,,,17:00,
Gosforth Library,2006-10,Saturday,09:00,,,17:00,
Gosforth Library,2006-10,Sunday,10:00,14:00,17:00,17:00,
High Heaton Library,2006-10,Monday,09:30,12:30,13:30,20:00,
High Heaton Library,2006-10,Tuesday,09:30,12:30,13:30,17:00,
High Heaton Library,2006-10,Wednesday,17:00,17:00,17:00,17:00,
High Heaton Library,2006-10,Thursday,09:30,12:30,13:30,20:00,
High Heaton Library,2006-10,Friday,09:30,12:30,13:30,17:00,
High Heaton Library,2006-10,Saturday,09:00,13:00,14:15,17:00,
High Heaton Library,2006-10,Sunday,17:00,17:00,17:00,17:00,
Jesmond Library,2006-10,Monday,09:00,,,20:00,
Jesmond Library,2006-10,Tuesday,09:00,,,17:00,
Jesmond Library,2006-10,Wednesday,17:00,17:00,17:00,17:00,
Jesmond Library,2006-10,Thursday,09:00,,,20:00,
Jesmond Library,2006-10,Friday,09:00,,,17:00,
Jesmond Library,2006-10,Saturday,09:00,,,17:00,
Jesmond Library,2006-10,Sunday,17:00,17:00,17:00,17:00,
Kenton Library,2006-10,Monday,09:00,,,20:00,
Kenton Library,2006-10,Tuesday,09:00,,,17:00,
Kenton Library,2006-10,Wednesday,09:00,,,17:00,
Kenton Library,2006-10,Thursday,09:00,,,20:00,
Kenton Library,2006-10,Friday,09:00,,,17:00,
Kenton Library,2006-10,Saturday,09:00,,,17:00,
Kenton Library,2006-10,Sunday,17:00,17:00,17:00,17:00,
Moorside Library,2006-10,Monday,17:00,17:00,17:00,17:00,
Moorside Library,2006-10,Tuesday,09:30,12:30,14:00,17:00,
Moorside Library,2006-10,Wednesday,17:00,17:00,17:00,17:00,
Moorside Library,2006-10,Thursday,,,14:00,19:00,
Moorside Library,2006-10,Friday,09:30,12:30,14:00,17:00,
Moorside Library,2006-10,Saturday,09:30,12:30,17:00,17:00,
Moorside Library,2006-10,Sunday,17:00,17:00,17:00,17:00,
Newbiggin Hall Library,2006-10,Monday,09:30,12:30,13:30,20:00,
Newbiggin Hall Library,2006-10,Tuesday,09:30,12:30,13:30,17:00,
Newbiggin Hall Library,2006-10,Wednesday,17:00,17:00,17:00,17:00,
Newbiggin Hall Library,2006-10,Thursday,09:30,12:30,13:30,20:00,
Newbiggin Hall Library,2006-10,Friday,09:30,12:30,13:30,17:00,
Newbiggin Hall Library,2006-10,Saturday,09:00,13:00,14:15,17:00,
Newbiggin Hall Library,2006-10,Sunday,,,,,
Newburn Library,2006-10,Monday,09:30,12:30,13:30,20:00,
Newburn Library,2006-10,Tuesday,09:30,12:30,13:30,17:00,
Newburn Library,2006-10,Wednesday,17:00,17:00,17:00,17:00,
Newburn Library,2006-10,Thursday,09:30,12:30,13:30,20:00,
Newburn Library,2006-10,Friday,09:30,12:30,13:30,17:00,
Newburn Library,2006-10,Saturday,09:00,13:00,14:15,17:00,
Newburn Library,2006-10,Sunday,17:00,17:00,17:00,17:00,
Outer West Library,2006-10,Monday,09:00,,,20:00,
Outer West Library,2006-10,Tuesday,09:00,,,17:00,
Outer West Library,2006-10,Wednesday,09:00,,,17:00,
Outer West Library,2006-10,Thursday,09:00,,,20:00,
Outer West Library,2006-10,Friday,09:00,,,17:00,
Outer West Library,2006-10,Saturday,09:00,,,17:00,
Outer West Library,2006-10,Sunday,10:00,14:00,17:00,17:00,
Walker Library,2006-10,Monday,09:00,,,20:00,
Walker Library,2006-10,Tuesday,09:00,,,17:00,
Walker Library,2006-10,Wednesday,17:00,17:00,17:00,17:00,
Walker Library,2006-10,Thursday,09:00,,,20:00,
Walker Library,2006-10,Friday,09:00,,,17:00,
Walker Library,2006-10,Saturday,09:00,,,17:00,
Walker Library,2006-10,Sunday,17:00,17:00,17:00,17:00,
,,Monday,,,,,
,,Tuesday,,,,,
,,Wednesday,,,,,
,,Thursday,,,,,
,,Friday,,,,,
,,Saturday,,,,,
,,Sunday,,,,,
,,Monday,,,,,
,,Tuesday,,,,,
,,Wednesday,,,,,
,,Thursday,,,,,
,,Friday,,,,,
,,Saturday,,,,,
,,Sunday,,,,,
,,Monday,,,,,
,,Tuesday,,,,,
,,Wednesday,,,,,
,,Thursday,,,,,
,,Friday,,,,,
,,Saturday,,,,,
,,Sunday,,,,,
,,Monday,,,,,
,,Tuesday,,,,,
,,Wednesday,,,,,
,,Thursday,,,,,
,,Friday,,,,,
,,Saturday,,,,,
,,Sunday,,,,,
,,Monday,,,,,
,,Tuesday,,,,,
,,Wednesday,,,,,
,,Thursday,,,,,
,,Friday,,,,,
,,Saturday,,,,,
,,Sunday,,,,,
,,Monday,,,,,
,,Tuesday,,,,,
,,Wednesday,,,,,
,,Thursday,,,,,
,,Friday,,,,,
,,Saturday,,,,,
,,Sunday,,,,,
,,Monday,,,,,
,,Tuesday,,,,,
,,Wednesday,,,,,
,,Thursday,,,,,
,,Friday,,,,,
,,Saturday,,,,,
,,Sunday,,,,,
,,Monday,,,,,
,,Tuesday,,,,,
,,Wednesday,,,,,
,,Thursday,,,,,
,,Friday,,,,,
,,Saturday,,,,,
,,Sunday,,,,,
,,Monday,,,,,
,,Tuesday,,,,,
,,Wednesday,,,,,
,,Thursday,,,,,
,,Friday,,,,,
,,Saturday,,,,,
,,Sunday,,,,,
,,Monday,,,,,
,,Tuesday,,,,,
,,Wednesday,,,,,
,,Thursday,,,,,
,,Friday,,,,,
,,Saturday,,,,,
,,Sunday,,,,,
,,Monday,,,,,
,,Tuesday,,,,,
,,Wednesday,,,,,
,,Thursday,,,,,
,,Friday,,,,,
,,Saturday,,,,,
,,Sunday,,,,,
,,Monday,,,,,
,,Tuesday,,,,,
,,Wednesday,,,,,
,,Thursday,,,,,
,,Friday,,,,,
,,Saturday,,,,,
,,Sunday,,,,,
,,Monday,,,,,
,,Tuesday,,,,,
,,Wednesday,,,,,
,,Thursday,,,,,
,,Friday,,,,,
,,Saturday,,,,,
,,Sunday,,,,,
,,Monday,,,,,
,,Tuesday,,,,,
,,Wednesday,,,,,
,,Thursday,,,,,
,,Friday,,,,,
,,Saturday,,,,,
,,Sunday,,,,,
,,Monday,,,,,
,,Tuesday,,,,,
,,Wednesday,,,,,
,,Thursday,,,,,
,,Friday,,,,,
,,Saturday,,,,,
,,Sunday,,,,,
,,Monday,,,,,
,,Tuesday,,,,,
,,Wednesday,,,,,
,,Thursday,,,,,
,,Friday,,,,,
,,Saturday,,,,,
,,Sunday,,,,,
,,Monday,,,,,
,,Tuesday,,,,,
,,Wednesday,,,,,
,,Thursday,,,,,
,,Friday,,,,,
,,Saturday,,,,,
,,Sunday,,,,,
,,Monday,,,,,
,,Tuesday,,,,,
,,Wednesday,,,,,
,,Thursday,,,,,
,,Friday,,,,,
,,Saturday,,,,,
,,Sunday,,,,,
,,Monday,,,,,
,,Tuesday,,,,,
,,Wednesday,,,,,
,,Thursday,,,,,
,,Friday,,,,,
,,Saturday,,,,,
,,Sunday,,,,,
,,Monday,,,,,
,,Tuesday,,,,,
,,Wednesday,,,,,
,,Thursday,,,,,
,,Friday,,,,,
,,Saturday,,,,,
,,Sunday,,,,,
,,Monday,,,,,
,,Tuesday,,,,,
,,Wednesday,,,,,
,,Thursday,,,,,
,,Friday,,,,,
,,Saturday,,,,,
,,Sunday,,,,,
,,Monday,,,,,
,,Tuesday,,,,,
,,Wednesday,,,,,
,,Thursday,,,,,
,,Friday,,,,,
,,Saturday,,,,,
,,Sunday,,,,,
,,Monday,,,,,
,,Tuesday,,,,,
,,Wednesday,,,,,
,,Thursday,,,,,
,,Friday,,,,,
,,Saturday,,,,,
,,Sunday,,,,,
,,Monday,,,,,
,,Tuesday,,,,,
,,Wednesday,,,,,
,,Thursday,,,,,
,,Friday,,,,,
,,Saturday,,,,,
,,Sunday,,,,,
,,Monday,,,,,
,,Tuesday,,,,,
,,Wednesday,,,,,
,,Thursday,,,,,
,,Friday,,,,,
,,Saturday,,,,,
,,Sunday,,,,,
,,Monday,,,,,
,,Tuesday,,,,,
,,Wednesday,,,,,
,,Thursday,,,,,
,,Friday,,,,,
,,Saturday,,,,,
,,Sunday,,,,,
,,Monday,,,,,
,,Tuesday,,,,,
,,Wednesday,,,,,
,,Thursday,,,,,
,,Friday,,,,,
,,Saturday,,,,,
,,Sunday,,,,,
,,Monday,,,,,
,,Tuesday,,,,,
,,Wednesday,,,,,
,,Thursday,,,,,
,,Friday,,,,,
,,Saturday,,,,,
,,Sunday,,,,,
,,Monday,,,,,
,,Tuesday,,,,,
,,Wednesday,,,,,
,,Thursday,,,,,
,,Friday,,,,,
,,Saturday,,,,,
,,Sunday,,,,,
,,Monday,,,,,
